Date,Time,Order Number,Item Description,Quantity Sold,Sold Price
2026-01-01,14:20:55,11-14043-08565,NICK KURTZ 2025 Topps Update Series RC Rookie Card #US201 A's Athletics,1,2.99
2026-01-01,17:17:46,04-14053-53793,Mega Gengar Ex 056/094 Pokemon TCG Phantasmal Flames NM Double Rare,1,3.99
2026-01-02,6:47:39,16-14038-59218,[Bundle] Dart + Shedeur Reactive Purple / Cam Red Wave / Jaydon Purple Scope,1,47
2026-01-02,20:48:08,03-14059-85686,LIVVY DUNNE Insert 2025 Topps Allen & Ginter #225 PIRATES HAT! SPECIAL CELEBRITY,1,2.99
2026-01-03,23:01:09,01-14067-42547,JUMBO / Oversized Pokemon TCG Black Star Promo Card Lot -Pick / Choose Your Card,1,4.99
2026-01-04,5:46:15,04-14063-55410,Ethan's Magcargo 036/182 Destined Rivals Cosmos Holo Blister Exclusive NM,1,5.49
2026-01-04,5:46:16,04-14063-55410,Arven's Greedent 159/182 Destined Rivals Cosmos Holo Blister Exclusive NM,1,3.99
2026-01-07,20:00:14,,Jaime Jaquez Jr 161 2025-26 Topps Chrome Yellow Basketball Refractor /275 Insert,1,3
2026-01-09,19:00:16,,2025-26 Topps Chrome Bronny James Jr. #182 Los Angeles Lakers Base NM Near Mint,1,0.99
2026-01-09,19:32:37,14-14074-65327,2025-26 Topps Chrome Basketball [Updated Weekly] - Pick Your Card / Set Filler,1,0.99
2026-01-09,20:42:53,07-14084-74367,Cooper Flagg #251 2025-26 Topps Chrome Basketball Rookie Mavericks RC Base,1,19.99
2026-01-11,5:36:02,04-14093-81652,Pokemon Rabsca ex 025/182 Destined Rivals Double Rare Holo NM DRI EN,1,1.5
2026-01-13,18:34:31,24-14092-74583,Drake Maye ROOKIE CARD rare insert Gridiron Ambassadors 2024 Topps Signatue GA-3,1,5.99
2026-01-18,17:27:59,25-14097-89918,Mega Kangaskhan EX 025 Black Star Promo - Mega Evolution NM Pokemon TCG,1,3
2026-01-18,20:54:54,03-14129-56703,Emcee's Hype - 220/182 - Pokemon Destined Rivals Ultra Rare NM DRI EN,1,3.25
2026-01-19,1:31:22,14-14114-60639,Donovan Clingan Tectonic Prizm ROOKIE CARD 2024 Select RC #270 Trail Blazers,1,1.79
2026-01-20,16:05:13,,2022-23 Panini Chronicles - Dynagon Keegan Murray Rookie Card #521 Silver (RC),1,0.49
2026-01-21,9:06:16,13-14126-94291,Colston Loveland #275 2025 Panini Mosaic Rookie Green Mosaic Prizm (RC),1,1.79
2026-01-21,16:54:44,18-14121-52680,Chaos Dragon Levianeer STARLIGHT RARE 1st Edition MP25-EN035 Yugioh!,1,2.49
2026-01-21,20:06:54,14-14127-73416,Jack Lambert 2022 Panini Prizm #253 Steelers Legend,1,1.69
2026-01-22,8:16:28,03-14145-01657,2023 Topps Shohei Ohtani All Aces Diamond CRISP #AA-11 Angels,1,129
2026-01-23,14:16:01,18-14129-62006,2025 Score ISAIAH LIKELY 269 Lava Refractor /799 Baltimore Ravens Numbered SP,1,1.25
2026-01-24,11:58:56,18-14133-09741,2025 Panini Donruss Rated Rookie Nick Emmanwori - Green Velocity Prizm Card 348,1,3.99
2026-01-24,13:14:44,09-14145-93196,Kristaps Porzingis Brown /299 RARE Parallel 2024-25 Panini Prizm Monopoly #18,1,1.25
2026-01-25,18:15:56,,Pokemon Mega Charizard X ex Ultra Premium Collection Box Sealed New UPC,1,132.5
2026-01-28,7:46:39,25-14139-89326,Mega Charizard UPC Game Mat Plus More! Phantasmal Flames UPC Accessories!!,1,16.99
2026-01-28,20:18:45,06-14169-90148,Anthony Richardson Nucleus PRINT 2024 Topps Signature Class Veteran Chrome BCV22,1,1.99
2026-01-29,6:08:06,11-14163-86609,DRAKE MAYE - [Presale] 2025 Panini Instant NFL #431 AFC CHAMPIONSHIP GAME,1,20.97
2026-01-29,19:07:29,14-14162-68581,DRAKE MAYE - [Presale] 2025 Panini Instant NFL #431 AFC CHAMPIONSHIP GAME,1,6.99
2026-01-29,19:11:04,18-14157-05551,DRAKE MAYE - [Presale] 2025 Panini Instant NFL #431 AFC CHAMPIONSHIP GAME,1,6.99
2026-01-29,21:01:09,07-14172-99062,DRAKE MAYE - [Presale] 2025 Panini Instant NFL #431 AFC CHAMPIONSHIP GAME,1,6.99
2026-01-29,22:14:12,22-14151-72262,DRAKE MAYE - [Presale] 2025 Panini Instant NFL #431 AFC CHAMPIONSHIP GAME,1,6.5
2026-01-29,23:28:40,15-14161-72061,DRAKE MAYE - [Presale] 2025 Panini Instant NFL #431 AFC CHAMPIONSHIP GAME,1,29.7
2026-01-30,9:29:33,18-14159-38530,GEORGE PICKENS Extraterrestrial RARE PRINT 2025 Panini Score 180 Cowboys,1,12
2026-01-30,17:40:32,15-14165-36031,Tom Brady Bronze Parallel Variant SP 2024 Topps Signature Class #33 - Patriots,1,2.29
2026-01-30,17:40:32,15-14165-36031,DRAKE MAYE - [Presale] 2025 Panini Instant NFL #431 AFC CHAMPIONSHIP GAME,1,6.99
2026-01-30,19:12:14,19-14160-07352,Luka Doncic 2024 Panini Select #56 Tectonic PARALLEL Concourse Nm Near Mint,1,1
2026-01-31,13:14:45,02-14187-47367,"Sealed Mega Charizard X ex, Oricorio Phantasmal Flames UPC Promo 023 Pokemon TCG",1,50.99
2026-01-31,19:24:52,21-14161-06056,DRAKE MAYE - [Presale] 2025 Panini Instant NFL #431 AFC CHAMPIONSHIP GAME,1,6.49
2026-02-01,15:21:12,13-14176-73598,Larry's Starly 168/217 Energy Reverse Holo Ascended Heroes Ready to Ship MINT,1,2.99
2026-02-01,16:24:45,08-14183-59728,Pokemon Snorlax SVP 051 Scarlet & Violet 151 Holo Black Star Promo NM Pack Fresh,1,15.99
2026-02-01,19:39:15,06-14187-60580,Totodile Friend Ball Reverse Holo 041/217 Ascended Heroes Ready to Ship MINT,1,2.99
2026-02-02,17:28:58,06-14192-24407,Zach Baun Purple Reactive 2025 Panini Mosaic 141 Mega Exclusive Eagles,1,1.53
2026-02-03,2:00:13,19-14174-85837,2025 Panini Donruss - Rated Rookie Colston Loveland #310 Optic Preview Red Wave,1,8.99
2026-02-04,11:19:52,27-14170-00356,Drake Maye - 2025 Panini Instant NFL #431 AFC Championship Game PRESALE Patriots,1,18.98
2026-02-06,11:32:50,03-14212-88239,Pokemon TCG - Ascended Heroes - (ASC EN) - Team Rocket's Petrel - 207/217,1,1.99
2026-02-06,12:27:47,13-14199-16355,2025 Panini Instant Matthew Stafford NFL MVP Rams QB #9 PRESALE,1,7.29
2026-02-07,6:22:08,25-14184-44684,Pikachu 051/162 Pokemon Day 2026 - Anniversary Stamped + Promo Coin,1,8.54
2026-02-07,7:51:30,20-14191-81801,2025 Panini Instant Matthew Stafford NFL MVP Rams QB #9 PRESALE,1,6.99
2026-02-07,9:49:44,06-14212-40714,2025 Panini Instant Matthew Stafford NFL MVP Rams QB #9 PRESALE,1,13.28
2026-02-07,12:38:16,10-14207-08012,2025 Panini Instant Matthew Stafford NFL MVP Rams QB #9 PRESALE,1,7.24
2026-02-07,15:41:58,07-14212-23737,2025 Panini Instant Matthew Stafford MVP AP 2025 Rams QB #9 PRESALE,1,7.24
2026-02-07,17:32:59,08-14210-77968,2025 Panini Instant Matthew Stafford MVP AP 2025 Rams QB #9 PRESALE,1,7.24
2026-02-07,20:06:18,26-14185-75154,2025 Panini Instant Matthew Stafford MVP AP 2025 Rams QB #9 PRESALE,1,7.24
2026-02-07,22:34:58,15-14201-65177,2025 Panini Instant Matthew Stafford MVP AP 2025 Rams QB #9 PRESALE,1,13.76
2026-02-08,12:14:25,19-14198-64014,Team Rocket's Moltres ex Ultra Rare SV10: Destined Rivals 208/182 NM - Pokemon,1,7
2026-02-08,15:26:28,21-14196-20895,2025 Panini Instant Matthew Stafford MVP AP 2025 Rams QB #9 PRESALE,1,7.24
2026-02-08,21:30:03,24-14208-06140,2025 Panini Instant Matthew Stafford MVP AP 2025 Rams QB #9 PRESALE,1,14.04
2026-02-08,21:56:45,10-14213-13160,Charmander Fire Energy Reverse Holo 020/217 Ascended Heroes ASC EN MINT,1,2.99
2026-02-09,17:15:02,07-14221-76373,Drake Maye - 2025 Panini Instant NFL #431 AFC Championship Game PRESALE Patriots,1,6.99
2026-02-10,5:49:26,27-14195-12488,2025 Panini Instant Matthew Stafford MVP AP 2025 Rams QB #9 PRESALE,1,7.24
2026-02-10,9:04:41,25-14198-60781,Piplup 098/094 Phantasmal Flames Illustration Rare Full Art - Pokémon ME02 PFL,1,14.99
2026-02-10,20:27:50,10-14222-19138,[Stamped] Zekrom 66/182 Paradox Rift Stamped Cosmo Foil Rare Promo - Pokémon TCG,1,2.99
2026-02-11,8:27:50,06-14230-10567,2025 Panini Instant Matthew Stafford MVP AP 2025 Rams QB #9 PRESALE,1,18.87
2026-02-11,14:51:05,19-14213-09780,2025 Panini Instant Matthew Stafford MVP AP 2025 Rams QB #9 PRESALE,1,6.99
2026-02-11,15:02:30,03-14235-81152,2025 Panini Instant Matthew Stafford MVP AP 2025 Rams QB #9 PRESALE,1,6.99
2026-02-12,5:10:15,14-14222-22330,Drake Maye - 2025 Panini Instant NFL #431 AFC Championship Game PRESALE Patriots,1,6.99
2026-02-12,13:27:06,22-14212-75329,Adam Vinatieri 2025 Panini Instant #440 Patriots Legend HOF Inductee PRESALE,1,6.74
2026-02-12,21:19:08,23-14212-72964,2025 Panini Instant Matthew Stafford MVP AP 2025 Rams QB #9 PRESALE,1,6.99
2026-02-13,2:38:27,27-14207-68570,2025 Panini Instant Matthew Stafford MVP AP 2025 Rams QB #9 PRESALE,1,17.98
2026-02-13,12:42:03,26-14211-03068,2025 Bowman Draft #BDC-66 Mason Morris Chrome Mojo Refractor Cincinnati Reds 📈,1,1.99
2026-02-13,14:32:53,05-14241-89391,Kenneth Walker III Super Bowl MVP 2026 Panini Instant NFL #444 Seahawks PRESALE,1,7.49
2026-02-14,4:44:07,22-14218-91251,Adam Vinatieri 2025 Panini Instant #440 Patriots Legend HOF Inductee PRESALE,1,6
2026-02-14,14:46:53,16-14229-61327,2025-26 Topps Chrome VJ Edgecombe Voices Refractor Insert RC Rookie 76ers VS-8🔥,1,13.99
2026-02-14,21:28:27,10-14238-93275,2025 Panini Instant Matthew Stafford MVP AP 2025 Rams QB #9 PRESALE,1,28.47
2026-02-15,7:07:05,15-14233-08318,Drake Maye - 2025 Panini Instant NFL #431 AFC Championship Game PRESALE Patriots,1,6.45
2026-02-15,8:41:06,17-14230-54579,Kenneth Walker III Super Bowl MVP 2026 Panini Instant NFL #444 Seahawks PRESALE,1,7.49
2026-02-15,15:54:21,23-14223-99481,Brett Favre #107 Lava Color Match Refractor /630 2024 Panini Score Numbered NM,1,2.99
2026-02-15,20:16:34,12-14240-59348,Kenneth Walker III Super Bowl MVP 2026 Panini Instant NFL #444 Seahawks PRESALE,1,7
2026-02-16,16:48:51,10-14247-20426,Drake Maye - 2025 Panini Instant NFL #431 AFC Championship Game PRESALE Patriots,1,6.79
2026-02-16,22:08:20,02-14259-95031,Chaos Dragon Levianeer STARLIGHT RARE 1st Edition MP25-EN035 Yugioh!,1,1.79
2026-02-19,9:28:55,14-14253-37569,2024 Topps Chrome Update Bryce Harper All-Star Green /99 #ASGC-11 CGC Certified,1,16.99
2026-02-19,14:03:00,20-14245-92126,Kenneth Walker III Super Bowl MVP 2026 Panini Instant NFL #444 Seahawks PRESALE,1,7.49
2026-02-19,23:51:56,11-14260-33024,Adam Vinatieri 2025 Panini Instant #440 Patriots Legend HOF Inductee PRESALE,1,6.99
2026-02-20,7:42:52,06-14268-93183,2025 Panini Mosaic - Drake Maye Purple Reactive #28 New England Patriots,1,8.99
2026-02-20,16:28:34,10-14264-89351,Pokemon Lot 100 OFFICIAL ENGLISH TCG Cards Ultra Rare | IR EX VMAX GX VSTAR OR V,1,14.99
2026-02-21,11:48:32,24-14262-87846,2020 PANINI SCORE JOE BURROW ROOKIE #438 PSA 10 GEM MINT OHIO STATE BUCKEYES,1,60
2026-02-21,16:43:02,02-14280-81294,NFL 25 Card Lot | Guaranteed Auto Patch Numbered #'d | Optic Prizm Mosaic Rated,1,13
2026-02-22,5:46:26,14-14265-10519,NFL 25-Card Football Lot | Guaranteed Auto Patch or #'d | Optic Prizm! See Desc,1,13.5
2026-02-22,8:22:59,16-14262-79608,2025 Panini Mosaic - Stained Glass Oversized Quinshon Judkins #6 RC Browns,1,7.5
2026-02-22,12:00:40,11-14270-93054,2026 Topps Now Olympics Jack Hughes 18 Team USA Hockey Gold Medal PRESALE,1,7.29
2026-02-22,12:48:39,14-14266-94508,Kenneth Walker III Super Bowl MVP 2026 Panini Instant NFL #444 Seahawks PRESALE,1,7.49
2026-02-22,15:15:14,10-14273-05683,NFL 25-Card Football Lot | Guaranteed Auto Patch or #'d | Optic Prizm! See Desc,1,17.99
2026-02-22,17:01:48,10-14273-43869,2026 Topps Now Olympics Jack Hughes 18 Team USA Hockey Gold Medal PRESALE,1,7.29
2026-02-22,19:22:42,27-14250-03541,Kenneth Walker III Super Bowl MVP 2026 Panini Instant NFL #444 Seahawks PRESALE,1,6.74
2026-02-23,4:05:14,10-14275-15531,Pokemon Lot 100 OFFICIAL ENGLISH TCG Cards Ultra Rare | IR EX VMAX GX VSTAR OR V,1,14.99
2026-02-23,7:42:17,16-14267-58943,2026 Topps Now Olympics Jack Hughes 18 Team USA Hockey Gold Medal PRESALE,1,14.58
2026-02-23,10:26:48,04-14285-59219,George Kittle Press Proof Blue 2025 Panini Donruss 59 SF 49ers,1,1.39
2026-02-23,12:11:29,02-14289-24629,2026 Topps Now Olympics Jack Hughes 18 Team USA Hockey Gold Medal PRESALE,1,5.49
2026-02-23,12:12:48,01-14290-96661,2026 Topps Now Olympics Jack Hughes 18 Team USA Hockey Gold Medal PRESALE,1,5.49
2026-02-23,14:14:08,18-14266-66761,2026 Topps Now Olympics Jack Hughes 18 Team USA Hockey Gold Medal PRESALE,1,5.49
2026-02-23,14:17:29,04-14286-71748,2026 Topps Now Olympics Jack Hughes 18 Team USA Hockey Gold Medal PRESALE,1,5.49
2026-02-23,16:33:54,22-14261-42693,2026 Topps Now Olympics Jack Hughes 18 Team USA Hockey Gold Medal PRESALE,1,10.98
2026-02-23,17:22:46,08-14281-37620,2026 Topps Now Olympics Jack Hughes 18 Team USA Hockey Gold Medal PRESALE,1,6.29
2026-02-23,18:43:00,01-14292-42489,NFL 25-Card Football Lot | Guaranteed Auto Patch or #'d | Optic Prizm! See Desc,1,19.99
2026-02-24,2:33:39,22-14262-85725,2026 Topps Now Olympics Jack Hughes 18 Team USA Hockey Gold Medal PRESALE,1,13.98
2026-02-24,3:14:13,07-14284-50511,2026 Topps Now Olympics Jack Hughes 18 Team USA Hockey Gold Medal PRESALE,1,6.99
2026-02-24,3:35:33,02-14291-84849,2026 Topps Now Olympics Jack Hughes 18 Team USA Hockey Gold Medal PRESALE,1,20.97
2026-02-24,10:17:01,08-14284-28085,Team Rockets Dugtrio - 239/217 - Ascended Heroes - Illustration Rare Pokemon TCG,1,20
2026-02-24,20:11:20,15-14276-57759,6 Count Pokemon TCG 2026 Pokemon Day Collection SEALED | BOX DISPLAY CASE,1,170
2026-02-26,23:54:42,05-14301-23694,Kenneth Walker III Super Bowl MVP 2026 Panini Instant NFL #444 Seahawks PRESALE,1,7.49
2026-02-27,4:55:58,07-14298-76296,Adam Vinatieri 2025 Panini Instant #440 Patriots Legend HOF Inductee PRESALE,1,6.79
2026-02-27,22:03:10,25-14276-58902,Kenneth Walker III Super Bowl MVP 2026 Panini Instant NFL #444 Seahawks PRESALE,1,7.49
2026-02-28,8:57:46,19-14286-87870,N's PP Up #262/217 Full Art Ultra Rare Pokemon Ascended Heroes ENGLISH NM-MINT+,1,10.99
2026-02-28,11:41:47,02-14312-10201,Alex Bregman 2025 Topps Allen & Ginter Foil Filagree Boston Red Sox #174,1,1.29
2026-02-28,11:45:19,02-14312-12126,Kenneth Walker III Super Bowl MVP 2026 Panini Instant NFL #444 Seahawks PRESALE,1,7.49
2026-03-02,12:34:32,01-14323-79637,2026 Topps Baseball Series 1 - Hobby Jumbo Box - IN HAND,1,279.99
2026-03-02,15:14:34,01-14324-55237,Pokemon Charizard X UPC Ultra Premium Collection - ALL ACCESSORIES + BOX,1,13.99
2026-03-13,10:30:20,13-14356-12384,NFL 15 Card Football Lot | 1 Auto/#d/Mem + 14 Rookie/Insert/Parallel | No Base,1,6.75
2026-03-13,14:30:25,06-14367-20059,Charmeleon Friend Ball Reverse Holo 021/217 Ascended Heroes ASC EN MINT,1,2.99
2026-03-13,14:30:25,06-14367-20059,Charmander Pixel Cosmos Holo 020/217 Ascended Heroes On Hand MINT,1,2.49
2026-03-13,14:30:27,06-14367-20059,Charmeleon Fire Energy Reverse Holo 021/217 Ascended Heroes ASC EN MINT,1,2.49
2026-03-14,13:02:51,16-14356-36065,Lapras 131/165 Reverse Holo Scarlet & Violet 151 Pokemon TCG NM,1,2.79
2026-03-14,17:09:14,10-14365-59401,2025 Panini Instant Matthew Stafford NFL MVP /1978 2025 Rams QB #9 ON HAND,1,8.99
2026-03-15,17:26:57,18-14358-82302,CAM SKATTEBO RC 2025 SCORE FOOTBALL #1 GREEN SP NEW YORK GIANTS ROOKIE,1,2
2026-03-16,7:14:46,16-14364-03763,NFL 15 Card Football Lot | 1 Auto/#d/Mem + 14 Rookie/Insert/Parallel | No Base,1,10.99
2026-03-16,18:03:42,21-14359-44591,Kenneth Walker III Super Bowl MVP /593 2026 Panini Instant NFL #444 Seahawks,1,8.99
2026-03-17,2:29:09,18-14365-23852,NFL 15 Card Football Lot | 1 Auto/#d/Mem + 14 Rookie/Insert/Parallel | No Base,1,9.99
2026-03-17,14:04:32,17-14369-23768,NFL 15 Card Football Lot | 1 Auto/#d/Mem + 14 Rookie/Insert/Parallel | No Base,1,10
2026-03-17,19:23:40,12-14377-72691,NFL 15 Card Football Lot | 1 Auto/#d/Mem + 14 Rookie/Insert/Parallel | No Base,1,49.45
2026-03-17,19:32:42,27-14356-17037,NFL 15 Card Football Lot | 1 Auto/#d/Mem + 14 Rookie/Insert/Parallel | No Base,1,10.99
2026-03-17,21:08:46,06-14386-75371,12 Card Football Lot + Team Magnet | 1 Auto/Patch/#d + 5 RC/Inserts + Bonus Mag,1,7.99
2026-03-17,23:39:05,24-14375-55986,NFL 15 Card Football Lot | 1 Auto/#d/Mem + 14 Rookie/Insert/Parallel | No Base,1,10.99
2026-03-18,1:06:09,11-14379-66797,Zacian 100/094 Illustration Rare ME02: Phantasmal Flames Pokemon TCG NM,1,2.99
2026-03-18,16:08:27,22-14367-04521,NFL 15 Card Football Lot | 1 Auto/#d/Mem + 14 Rookie/Insert/Parallel | No Base,1,11.99
2026-03-19,4:29:49,06-14392-07237,NFL 15 Card Football Lot | 1 Auto/#d/Mem + 14 Rookie/Insert/Parallel | No Base,1,11.99
2026-03-20,18:00:55,08-14396-00519,"Restocked! Pokemon 15 Card Lot Ultra Rare + Hits Only, No Bulk | IR DR EX VMAX V",1,34.16
2026-03-20,19:03:34,25-14371-84120,Ronald Acuna Jr Running Mojo Refractor PSA 10 2018 Bowman Mega Box Chrome,1,54.99
2026-03-22,15:36:07,01-14414-78067,Kakuna 014/165 Scarlet & Violet 151 Pokemon TCG NM,1,1.99
2026-03-23,10:45:13,08-14407-56114,NFL 15 Card Football Lot | 1 Auto/#d/Mem + 14 Rookie/Insert/Parallel | No Base,1,17.64
2026-03-23,16:26:22,11-14404-93813,"Pokemon 15 Card Lot TCG Ultra Rare + Hits Only, No Bulk | IR DR EX VMAX V",1,27.87
2026-03-23,23:35:29,06-14413-55320,"Pokemon 15 Card Lot TCG Ultra Rare + Hits Only, No Bulk | IR DR EX VMAX V",1,9.89
2026-03-24,17:28:35,23-14392-40528,NFL 15 Card Football Lot | 1 Auto/#d/Mem + 14 Rookie/Insert/Parallel | No Base,1,10.89
2026-03-24,19:56:15,23-14392-88088,"Pokemon 15 Card Lot TCG Ultra Rare + Hits Only, No Bulk | IR DR EX VMAX V",1,9.49
2026-03-24,20:14:54,21-14395-39940,POKEMON OFFICIAL WHITE FLARE BINDER *BINDER ONLY*,1,5.5
2026-03-25,5:37:18,26-14389-68385,NFL 15 Card Football Lot | 1 Auto/#d/Mem + 14 Rookie/Insert/Parallel | No Base,1,10.89
2026-03-25,9:31:25,12-14411-06854,"Pokemon 15 Card Lot TCG Ultra Rare + Hits Only, No Bulk | IR DR EX VMAX V",1,9.89
2026-03-25,10:24:16,26-14390-83067,Pokemon TCG 15 Card Hits Pack | IR EX DR Holos Reverse Holo | No Bulk!,1,53.4
2026-03-25,11:00:11,16-14405-57366,NFL 15 Card Hits Lot | 1 Auto/#d/Mem + 14 Rookie/Insert/Parallel | NO VET BASE,1,20.68
2026-03-25,11:57:45,02-14426-42510,"Pokemon 15 Card Lot TCG Ultra Rare + Hits Only, No Bulk | IR DR EX VMAX V",1,9.89
2026-03-25,14:00:28,10-14414-88723,"Pokemon 15 Card Lot TCG Ultra Rare + Hits Only, No Bulk | IR DR EX VMAX V",1,19.78
2026-03-25,19:11:35,03-14426-30402,NFL 15 Card Hits Lot | 1 Auto/#d/Mem + 14 Rookie/Insert/Parallel | NO VET BASE,1,20.68
2026-03-26,3:45:25,12-14414-32816,NFL 15 Card Hits Lot | 1 Auto/#d/Mem + 14 Rookie/Insert/Parallel | NO VET BASE,1,28.5
2026-03-26,6:17:33,03-14427-73212,15 Card NFL Hits Pack | NO VET BASE | Auto Mem #d RC Optic Prizm Select See Desc,1,10.89
2026-03-27,1:46:13,11-14419-69336,NFL 15 Card Hits Lot | 1 Auto/#d/Mem + 14 Rookie/Insert/Parallel | NO VET BASE,1,10.49
2026-03-27,7:35:33,21-14405-91051,NFL 15 Card Hits Lot | 1 Auto/#d/Mem + 14 Rookie/Insert/Parallel | NO VET BASE,1,9.99
2026-03-27,16:09:41,15-14416-91512,NFL 15 Card Hits Lot | 1 Auto/#d/Mem + 14 Rookie/Insert/Parallel | NO VET BASE,1,9.99
2026-03-28,9:54:58,16-14418-20311,Pokémon TCG Serperior EX 164/086 SIR Black Bolt Card Near Mint English,1,39.99
2026-03-28,11:39:15,12-14424-51047,NFL 15 Card Hits Lot | 1 Auto/#d/Mem + 14 Rookie/Insert/Parallel | NO VET BASE,1,18.98
2026-03-28,13:17:29,21-14411-39228,NFL 15 Card Hits Lot | 1 Auto/#d/Mem + 14 Rookie/Insert/Parallel | NO VET BASE,1,9.99
2026-03-28,16:34:45,09-14429-69816,"Pokemon 15 Card Lot TCG Ultra Rare + Hits Only, No Bulk | IR DR EX VMAX V",1,10.29
2026-03-28,19:40:46,03-14439-02022,Dont'e Thornton Jr Flex Emoji /199 Case Hit 2025 Panini Optic #279,1,4.99
2026-03-29,6:37:42,08-14432-82979,NFL 15 Card Hits Lot | 1 Auto/#d/Mem + 14 Rookie/Insert/Parallel | NO VET BASE,1,19.58
2026-03-29,16:23:08,08-14435-31203,NFL 15 Card Hits Lot | 1 Auto/#d/Mem + 14 Rookie/Insert/Parallel | NO VET BASE,1,19.58
2026-03-29,17:52:53,15-14425-62228,NFL 15 Card Hits Lot | 1 Auto/#d/Mem + 14 Rookie/Insert/Parallel | NO VET BASE,1,9.99
2026-03-29,23:44:17,08-14436-59614,Adam Vinatieri /94 SP 2025 Panini Instant #440 Patriots Legend HOF Ready To Ship,1,6.99
2026-04-01,14:13:44,08-14449-05325,Pokemon 15 Card Lot TCG Ultra Rare + Hits Only | No Bulk | IR DR EX VMAX V,1,19.38
2026-04-01,16:42:17,06-14452-89352,Jackson Holliday Rookie Card 2024 Topps Chrome #88 RC Baltimore Orioles,1,1.99
2026-04-01,17:12:47,16-14438-23833,Pokemon 15 Card Lot TCG Ultra Rare + Hits Only | No Bulk | IR DR EX VMAX V,1,9.89
2026-04-01,17:27:00,07-14451-50363,NFL 15 Card Hits Lot | 1 Auto/#d/Mem + 14 Rookie/Insert/Parallel | NO VET BASE,1,12.99
2026-04-01,17:59:44,12-14444-27538,Pokemon 15 Card Lot TCG Ultra Rare + Hits Only | No Bulk | IR DR EX VMAX V,1,19.38
2026-04-02,7:41:07,19-14436-24068,Pokemon 15 Card Lot TCG Ultra Rare + Hits Only | No Bulk | IR DR EX VMAX V,2,21.54
2026-04-02,11:43:54,07-14454-77047,Pokemon 15 Card Lot TCG Ultra Rare + Hits Only | No Bulk | IR DR EX VMAX V,1,9.89
2026-04-02,12:16:27,01-14464-25424,Pokemon 15 Card Lot TCG Ultra Rare + Hits Only | No Bulk | IR DR EX VMAX V,1,9.89
2026-04-03,0:46:02,27-14427-79001,Pokemon TCG 15 Card Lot 1 Ultra Rare + All Holos | No Bulk | IR DR EX VMAX V,4,35.6
2026-04-03,8:13:21,27-14429-03745,Pokemon TCG 15 Card Lot 1 Ultra Rare + All Holos | No Bulk | IR DR EX VMAX V,1,9.89
2026-04-03,9:39:17,02-14465-97015,Pokemon TCG 15 Card Lot 1 Ultra Rare + All Holos | No Bulk | IR DR EX VMAX V,2,19.38
2026-04-03,13:55:19,17-14444-70376,Pokemon TCG 15 Card Lot 1 Ultra Rare + All Holos | No Bulk | IR DR EX VMAX V,3,28.17
2026-04-03,16:20:53,14-14449-65833,Pokémon Rosa's Encouragement SIR 123/088 - PERFECT ORDER ENGLISH MINT CONDITION,1,95
2026-04-03,18:22:40,23-14436-93527,"NFL 15 Football Card Lot | 1 Auto, Jersey or #d + Rookie/Insert/Hit | No Base",1,11.99
2026-04-03,19:19:41,22-14438-47256,Adam Vinatieri /94 SP 2025 Panini Instant #440 Patriots Legend HOF Ready To Ship,1,6.99
2026-04-03,19:19:42,22-14438-47256,2023 Panini Illusions - Instant Impact Jayden Reed Rookie Card RC #II-JRD,1,4.25
2026-04-03,19:19:42,22-14438-47256,2024 Panini Select - Draft Selection Memorabilia Michael Penix Jr. #DSM-MPJ Red,1,3.49
2026-04-03,23:24:21,24-14450-75196,Mawile - 246/217 - 2026 Pokemon Ascended Heroes NM Illustration Rare,1,6.99
2026-04-03,23:24:22,24-14450-75196,Pokemon Hitmontop 240/217- Ascended Heroes Illustration Rare IR Full Art,1,11.99
2026-04-04,9:13:43,15-14450-49600,Pokemon TCG 15 Card Lot 1 Ultra Rare + All Holos | No Bulk | IR DR EX VMAX V,10,89
2026-04-04,10:03:37,19-14445-00019,Pokemon TCG 15 Card Lot 1 Ultra Rare + All Holos | No Bulk | IR DR EX VMAX V,2,20.56
2026-04-04,14:25:43,08-14461-63885,Pokemon TCG 15 Card Lot 1 Ultra Rare + All Holos | No Bulk | IR DR EX VMAX V,4,35.76
2026-04-05,1:08:51,22-14442-90718,Pokemon TCG 15 Card Lot 1 Ultra Rare + All Holos | No Bulk | IR DR EX VMAX V,2,20.16
2026-04-05,15:07:50,12-14460-24756,NFL 15 Card Football Lot | 1 Auto/#d/Mem + 14 Rookie/Insert/Parallel | No Base,1,9.99
2026-04-05,22:00:48,12-14461-74985,NFL 15 Card Football Lot | 1 Auto/#d/Mem + 14 Rookie/Insert/Parallel | No Base,5,44.9
2026-04-06,8:11:23,17-14455-86927,Barry Sanders Purple Scope Hall Of Fame 2025 Panini Mosaic #291 Detroit Lions,1,2.37
2026-04-06,10:34:02,26-14443-48037,NFL 15 Card Football Lot | 1 Auto/#d/Mem + 14 Rookie/Insert/Parallel | No Base,1,9.98
2026-04-06,13:13:54,23-14448-84901,Pokemon TCG 15 Card Lot 1 Ultra Rare + All Holos | No Bulk | IR DR EX VMAX V,2,19.54
2026-04-06,14:32:42,20-14453-40946,Pokemon TCG 15 Card Lot 1 Ultra Rare + All Holos | No Bulk | IR DR EX VMAX V,1,9.97
2026-04-06,15:20:23,27-14443-59566,Pokémon TCG Miriam 238/198 Ultra Rare Holo Scarlet & Violet,1,5.99
2026-04-06,18:34:09,27-14444-23575,NFL 15 Card Football Lot | 1 Auto/#d/Mem + 14 Rookie/Insert/Parallel | No Base,5,44.9
2026-04-06,18:50:40,20-14454-27527,NFL 15 Card Football Lot | 1 Auto/#d/Mem + 14 Rookie/Insert/Parallel | No Base,1,9.98
2026-04-07,8:06:15,02-14483-06911,Pokemon TCG 15 Card Lot 1 Ultra Rare + All Holos | No Bulk | IR DR EX VMAX V,5,44.85
2026-04-07,10:32:54,09-14473-04288,Pokemon TCG 15 Card Lot 1 Ultra Rare + All Holos | No Bulk | IR DR EX VMAX V,5,44.85
2026-04-07,12:17:51,18-14460-49736,Pokemon TCG 15 Card Lot 1 Ultra Rare + All Holos | IR DR EX V Full Art Reverse,1,9.97
2026-04-07,14:27:09,22-14455-14968,Pokemon TCG 15 Card Lot 1 Ultra Rare + All Holos | IR DR EX V Full Art Reverse,1,9.97
2026-04-07,16:51:39,12-14470-27620,Pokemon TCG 15 Card Lot 1 Ultra Rare + All Holos | IR DR EX V Full Art Reverse,4,35.88
2026-04-07,16:51:47,12-14470-27619,Pokemon TCG 10 Card Rare + Reverse Holo Lot,6,15.24
2026-04-07,18:23:26,05-14481-19241,NFL 15 Card Football Lot | 1 Auto/#d/Mem + 14 Rookie/Insert/Parallel | Optic,1,10.79
2026-04-08,3:21:19,14-14468-78175,"Prismatic Evolutions Mini Tin Vaporeon Pokemon TCG *EMPTY NO PACKS, COINS* Eevee",1,2.99
2026-04-08,6:51:34,26-14451-82075,Pokemon TCG 15 Card Lot 1 Ultra Rare + All Holos | IR DR EX V Full Art Reverse,2,19.54
2026-04-08,7:40:49,25-14453-54629,Pokemon TCG 15 Card Lot 1 Ultra Rare + All Holos | IR DR EX V Full Art Reverse,1,9.97
2026-04-09,12:18:11,04-14490-15835,NFL 15 Card Football Lot | 1 Auto/#d/Mem + 14 Rookie/Insert/Parallel | Optic,1,9.98
2026-04-09,15:05:17,23-14462-87895,Black Bolt White Flare Poster + Black Bolt Binder Bundle | Sealed On Hand,1,75
2026-04-09,17:41:33,03-14492-70892,NFL 15 Card Football Lot | 1 Auto/#d/Mem + 14 Rookie/Insert/Parallel | Optic,1,9.98
2026-04-09,22:21:46,13-14479-03780,Pokemon TCG 15 Card Lot 1 Ultra Rare + All Holos | IR DR EX V Full Art Reverse,3,28.41
2026-04-09,23:40:54,26-14459-76934,Pokemon TCG 15 Card Lot 1 Ultra Rare + All Holos | IR DR EX V Full Art Reverse,1,9.87
2026-04-10,9:33:21,17-14474-66962,Pokemon TCG 15 Card Lot 1 Ultra Rare + All Holos | IR DR EX V Full Art Reverse,1,9.92
2026-04-10,14:28:13,02-14498-54119,Pokemon TCG 15 Card Lot 1 Ultra Rare + All Holos | IR DR EX V Full Art Reverse,1,9.92
2026-04-10,15:29:16,11-14484-97228,NFL 15 Card Rookie Lot | All Rookie Cards RC | Football Parallel Optic Topps,3,12
2026-04-10,19:31:57,26-14463-57386,NFL 15 Card Rookie Lot | All Rookie Cards RC | Football Parallel Optic Topps,3,14.22
2026-04-10,23:50:43,01-14501-90825,Pokemon 15 Card Lot 1 Ultra Rare + All Holos | IR DR EX Full Art Reverse Genuine,4,35.04
2026-04-11,11:20:15,03-14500-06533,Pokemon 15 Card Lot 1 Ultra Rare + All Holos | IR DR EX Full Art Reverse Genuine,1,9.74
2026-04-11,13:09:28,21-14473-48384,Pokemon 15 Card Lot 1 Ultra Rare + All Holos | IR DR EX Full Art Reverse Genuine,1,9.74
2026-04-11,15:11:14,18-14478-69811,NFL 15 Card Football Lot | 1 Auto/#d/Mem + 14 Rookie/Insert/Parallel | Optic,5,44.1
2026-04-11,17:59:42,14-14485-04830,NFL 15 Card Football Lot | 1 Auto/#d/Mem + 14 Rookie/Insert/Parallel | Optic,1,9.8
2026-04-11,18:04:15,19-14477-71122,Pokemon 15 Card Lot 1 Ultra Rare + All Holos | IR DR EX Full Art Reverse Genuine,1,9.79
2026-04-11,19:27:32,17-14480-73888,NFL 15 Card Rookie Lot | All Rookie Cards RC | Football Parallel Optic Topps,3,12.78
2026-04-11,19:29:53,15-14483-71364,NFL 15 Card Rookie Lot | All Rookie Cards RC | Football Parallel Optic Topps,1,4.49
2026-04-11,20:35:53,09-14492-71693,Pokemon 15 Card Lot 1 Ultra Rare + All Holos | IR DR EX Full Art Reverse Genuine,1,9.79
2026-04-11,21:38:22,24-14485-55478,NFL 15 Card Rookie Lot | All Rookie Cards RC | Football Parallel Optic Topps,4,19.76
2026-04-11,21:42:20,14-14485-56877,Blaine Gabbert RC Player Worn Patch RPA #ALR-BG /99 RC Topps 2011 Rookie Premier,1,1.99
2026-04-11,22:03:45,24-14485-59339,Pokemon 15 Card Lot 1 Ultra Rare + All Holos | IR DR EX Full Art Reverse Genuine,1,9.79
2026-04-12,1:52:48,05-14499-74902,Pokemon 15 Card Lot 1 Ultra Rare + All Holos | IR DR EX Full Art Reverse Genuine,4,35.24
2026-04-12,7:04:19,17-14482-22126,Pokemon 15 Card Lot 1 Ultra Rare + All Holos | IR DR EX Full Art Reverse Genuine,3,27.9
2026-04-12,7:56:32,11-14491-31414,Pokemon TCG Flareon EX 014/131 Prismatic Evolutions Double Rare,1,4.99
2026-04-12,9:13:08,19-14479-92412,NFL 15 Card Rookie Lot | All Rookie Cards RC | Football Parallel Optic Topps,1,6.99
2026-04-12,9:43:40,07-14497-88521,Pokemon 15 Card Lot 1 Ultra Rare + All Holos | IR DR EX Full Art Reverse Genuine,1,9.79
2026-04-12,10:10:05,01-14507-67361,Pokemon 15 Card Lot 1 Ultra Rare + All Holos | IR DR EX Full Art Reverse Genuine,1,9.79
2026-04-12,12:46:42,17-14483-75441,NFL 15 Card Rookie Lot | All Rookie Cards RC | Football Parallel Optic Topps,1,6.99
2026-04-12,12:57:01,24-14488-34852,NFL 15 Card Football Lot | 1 Auto/#d/Mem + 14 Rookie/Insert/Parallel | Optic,1,9.8
2026-04-12,13:31:15,19-14481-15355,NFL 15 Card Football Lot | 1 Auto/#d/Mem + 14 Rookie/Insert/Parallel | Optic,2,19.2
2026-04-12,15:01:56,26-14471-11952,NFL 15 Card Football Lot | 1 Auto/#d/Mem + 14 Rookie/Insert/Parallel | Optic,2,19.2
2026-04-12,16:46:23,05-14503-02252,Pokemon 15 Card Lot 1 Ultra Rare + All Holos | IR DR EX Full Art Reverse Genuine,4,35.24
2026-04-12,16:54:55,22-14477-46316,NFL 15 Card Rookie Lot | All Rookie Cards RC | Football Parallel Optic Topps,3,18
2026-04-12,17:19:32,03-14505-67820,Pokemon 15 Card Lot 1 Ultra Rare + All Holos | IR DR EX Full Art Reverse Genuine,1,9.79
2026-04-12,17:35:38,15-14487-83206,Pokemon 15 Card Lot 1 Ultra Rare + All Holos | IR DR EX Full Art Reverse Genuine,1,9.79
2026-04-12,19:25:35,09-14497-14930,Pokemon 15 Card Lot 1 Ultra Rare + All Holos | IR DR EX Full Art Reverse Genuine,1,9.95
2026-04-13,10:54:46,08-14501-57193,NFL 15 Card Football Lot | 1 Auto/#d/Mem + 14 Rookie/Insert/Parallel | Optic,2,19.5
2026-04-13,11:03:15,05-14506-80761,NFL 15 Card Football Lot | 1 Auto/#d/Mem + 14 Rookie/Insert/Parallel | Optic,6,53.7
2026-04-13,11:45:37,11-14497-55555,Pokemon 15 Card Lot 1 Ultra Rare + All Holos | IR DR EX Full Art Reverse Genuine,1,9.95
2026-04-13,15:11:36,05-14508-02869,2020 Bowman - Chrome Prospects Jasson Dominguez #BCP-8 (RC) New York Yankees,1,2.99
2026-04-13,17:30:13,06-14506-73628,Pokemon 15 Card Lot 1 Ultra Rare + All Holos | IR DR EX Full Art Reverse Genuine,1,9.95
2026-04-13,18:34:52,06-14506-96814,NFL 15 Card Rookie Lot | All Rookie Cards RC | Football Parallel Optic Topps,1,7.49
2026-04-14,7:24:43,09-14504-16385,Pokemon 15 Card Lot 1 Ultra Rare + All Holos | IR DR EX Full Art Reverse Genuine,1,9.95
2026-04-14,8:01:51,09-14504-31484,Pokemon 15 Card Lot 1 Ultra Rare + All Holos | IR DR EX Full Art Reverse Genuine,1,9.95
2026-04-14,10:04:22,06-14509-64612,Pokémon TCG Lisia's Appeal Ultra Rare Holo 234/191 Surging Sparks,1,5.99
2026-04-14,23:20:21,01-14520-38352,Pokemon 15 Card Lot 1 Ultra Rare + All Holos | IR DR EX Full Art Reverse Genuine,1,9.95
2026-04-15,17:17:43,14-14503-68956,Pokemon 15 Card Lot 1 Ultra Rare + All Holos | IR DR EX Full Art Reverse Genuine,1,9.79
2026-04-15,18:57:27,20-14495-04325,Pete Crow-Armstrong RC Refractor 2024 Topps Stadium Club Chrome Chicago Cubs #29,1,8.5
2026-04-16,7:24:56,,Set of 4 - Pokemon TCG Pokeball Tins Empty - NO PACKS Ultra Great Premier,1,0.99
2026-04-16,8:15:46,11-14510-67196,NFL 15 Card Rookie Lot | All Rookie Cards RC | Football Parallel Optic Topps,1,6.49
2026-04-16,14:03:34,14-14507-77262,NFL 15 Card Rookie Lot | All Rookie Cards RC | Football Parallel Optic Topps,5,27.55
2026-04-16,14:06:21,17-14503-19765,Pokemon 15 Card Lot 1 Ultra Rare + All Holos | IR DR EX Full Art Reverse Genuine,1,9.79
2026-04-16,14:33:27,17-14503-29531,NFL 15 Card Rookie Lot | All Rookie Cards RC | Football Parallel Optic Topps,1,6.49
2026-04-17,14:32:20,02-14530-68518,2025 Topps Chrome NFL Football Hanger Box Factory Sealed *IN HAND SHIPS NOW*,2,72.5
2026-04-17,19:23:39,06-14525-32445,NFL 15 Card Rookie Lot | All Rookie Cards RC | Football Parallel Optic Topps,1,5.99
2026-04-17,19:31:21,23-14499-78772,Pokemon 15 Card Lot 1 Ultra Rare + All Holos | IR DR EX Full Art Reverse Hits,2,18.6
2026-04-17,19:37:59,07-14523-78502,Pokemon 15 Card Lot 1 Ultra Rare + All Holos | IR DR EX Full Art Reverse Hits,1,9.49
2026-04-17,23:42:38,25-14497-22078,Pokemon 15 Card Lot 1 Ultra Rare + All Holos | IR DR EX Full Art Reverse Hits,2,18.6
2026-04-18,4:14:39,22-14502-18393,Pokemon 15 Card Lot 1 Ultra Rare + All Holos | IR DR EX Full Art Reverse Hits,4,34.16
2026-04-18,13:57:03,13-14517-88563,NFL 15 Card Rookie Lot | All Rookie Cards RC | Football Parallel Optic Topps,3,17.07
2026-04-18,14:29:52,,Evolving Skies #048/069 Umbreon VMAX Korean Pokemon Card,1,22.5
2026-04-18,14:29:52,02-14534-65658,NFL 15 Card Rookie Lot | All Rookie Cards RC | Football Parallel Optic Topps,1,5.99
2026-04-18,15:50:53,05-14530-49387,Pokemon 15 Card Lot 1 Ultra Rare + All Holos | IR DR EX Full Art Reverse Hits,2,18.6
2026-04-18,16:16:05,15-14514-95901,2026 Topps Heritage MLB Baseball Hobby Box | Factory Sealed & Ready to Ship,1,169.99
2026-04-18,18:18:08,27-14497-73825,NFL 15 Card Rookie Lot | All Rookie Cards RC | Football Parallel Optic Topps,4,20.36
2026-04-19,1:41:01,01-14538-17229,Pokemon 15 Card Lot 1 Ultra Rare + All Holos | IR DR EX Full Art Reverse Hits,1,9.49
2026-04-19,9:03:15,12-14522-02718,Pokemon 100 Card Lot| Ultra Rare + 20 Holos | Ultra Rare IR EX VMAX MEGA V TCG,1,16.99
2026-04-19,11:33:02,20-14510-71808,NFL 15 Card Rookie Lot | All Rookie Cards RC | Football Parallel Optic Topps,3,17.07
2026-04-19,11:38:51,12-14522-78773,Pokemon 15 Card Lot 1 Ultra Rare + All Holos | IR DR EX Full Art Reverse Hits,1,9.49
2026-04-19,11:39:37,18-14513-82736,Pokemon 15 Card Lot 1 Ultra Rare + All Holos | IR DR EX Full Art Reverse Hits,1,9.49
2026-04-19,14:00:13,10-14526-17532,Pokemon 15 Card Lot 1 Ultra Rare + All Holos | IR DR EX Full Art Reverse Hits,1,9.49
2026-04-19,14:12:53,13-14522-19959,2026 Topps Heritage MLB Baseball Hobby Box | Factory Sealed & Ready to Ship,1,174.99
2026-04-19,18:47:17,07-14532-14660,Pokemon 100 Card Lot| Ultra Rare + 20 Holos | Ultra Rare IR EX VMAX MEGA V TCG,1,16.99
2026-04-19,23:25:08,10-14528-00385,Pokemon 15 Card Lot 1 Ultra Rare + All Holos | IR DR EX Full Art Reverse Hits,1,9.59
2026-04-20,13:31:51,16-14522-56361,Pokemon 15 Card Lot 1 Ultra Rare + All Holos | IR DR EX Full Art Reverse Hits,2,17.62
2026-04-20,15:12:14,17-14521-34713,NFL 15 Card Rookie Lot | All Rookie Cards RC | Football Parallel Optic Topps,1,5.99
2026-04-20,18:22:42,19-14519-13817,Pokémon TCG Venusaur ex 198/165 TAG 9 Scarlet & Violet 151,1,145
2026-04-21,14:01:02,13-14531-98096,2025 Panini Donruss Optic Harold Fannin Jr Rated Rookie Lime Green /199 Case Hit,1,14.99
2026-04-21,17:01:00,25-14514-41474,NFL 15 Card Football Lot | 1 Auto/#d/Mem + 14 Rookie/Insert/Parallel | Optic,1,10.95
2026-04-21,18:29:05,02-14549-56955,Pokemon 15 Card Lot 1 Ultra Rare + All Holos | IR DR EX Full Art Reverse Hits,2,19.38
2026-04-21,19:13:48,25-14514-84570,NFL 15 Card Football Lot | 1 Auto/#d/Mem + 14 Rookie/Insert/Parallel | Optic,3,31.2
2026-04-21,20:11:11,03-14548-03495,Pokemon 15 Card Lot 1 Ultra Rare + All Holos | IR DR EX Full Art Reverse Hits,5,44.75
2026-04-21,21:31:50,10-14537-37695,Pokemon 15 Card Lot 1 Ultra Rare + All Holos | IR DR EX Full Art Reverse Hits,6,53.7
2026-04-22,0:06:20,23-14518-47881,Pokemon 15 Card Lot 1 Ultra Rare + All Holos | IR DR EX Full Art Reverse Hits,4,35.8
2026-04-22,1:46:57,01-14552-56941,Pokemon 100 Card Lot| Ultra Rare + 20 Holos | Ultra Rare IR EX VMAX MEGA V TCG,1,18.99
2026-04-22,9:10:13,22-14521-63184,Pokemon TCG Jolteon EX 030/131 Prismatic Evolutions Double Rare,1,4.27
2026-04-22,10:24:17,21-14523-06241,Pokemon 15 Card Lot 1 Ultra Rare + All Holos | IR DR EX Full Art Reverse Hits,1,9.95
2026-04-22,10:26:39,19-14526-45803,Pokemon TCG Chansey Pokemon GO Stamp 051/078 Reverse Holo,1,1.22
2026-04-22,10:33:41,11-14538-37526,NFL 15 Card Rookie Lot | All Rookie Cards RC | Football Parallel Optic Topps,1,5.99
2026-04-22,12:26:59,02-14552-99385,Pokemon 100 Card Lot| Ultra Rare + 20 Holos | Ultra Rare IR EX VMAX MEGA V TCG,1,18.99
2026-04-22,15:15:54,23-14521-76540,Pokemon 15 Card Lot 1 Ultra Rare + All Holos | IR DR EX Full Art Reverse Hits,1,9.95
2026-04-22,16:57:54,24-14535-23326,Pokemon 15 Card Lot 1 Ultra Rare + All Holos | IR DR EX Full Art Reverse Hits,2,19.5
2026-04-23,4:22:31,24-14536-82438,NFL 15 Card Football Lot | 1 Auto/#d/Mem + 14 Rookie/Insert/Parallel | Optic,1,9.95
2026-04-23,8:49:50,20-14528-95451,NFL 15 Card Football Lot | 1 Auto/#d/Mem + 14 Rookie/Insert/Parallel | Optic,5,44.75
2026-04-23,15:05:22,23-14526-10688,NFL 15 Card Football Lot | 1 Auto/#d/Mem + 14 Rookie/Insert/Parallel | Optic,1,9.95
2026-04-23,20:14:20,08-14549-28481,NFL 15 Card Football Lot | 1 Auto/#d/Mem + 14 Rookie/Insert/Parallel | Optic,2,19.5
2026-04-24,5:16:00,16-14538-59624,Pokemon 100 Card Lot | Ultra Rare + 20 Holos | Ultra Rare IR EX VMAX MEGA V TCG,2,36.08
2026-04-24,11:58:01,13-14544-94666,Pokemon 15 Card Lot 1 Ultra Rare + All Holos | IR DR EX Full Art Reverse Hits,1,9.95
2026-04-24,12:23:32,21-14532-41045,Pokemon 15 Card Lot 1 Ultra Rare + All Holos | IR DR EX Full Art Reverse Hits,1,9.95
2026-04-24,16:03:42,15-14542-41990,Pokemon 15 Card Lot 1 Ultra Rare + All Holos | IR DR EX Full Art Reverse Hits,1,9.95
2026-04-24,20:28:27,17-14540-08995,Pokemon 15 Card Lot 1 Ultra Rare + All Holos | IR DR EX Full Art Reverse Hits,2,19.5
2026-04-25,15:17:07,15-14546-15621,Pokemon 15 Card Lot 1 Ultra Rare + All Holos | IR DR EX Full Art Reverse Hits,1,9.95
2026-04-25,16:16:37,13-14549-68877,Pokemon 15 Card Lot 1 Ultra Rare + All Holos | IR DR EX Full Art Reverse Hits,5,44.75
2026-04-25,16:42:37,07-14558-77529,Pokemon 15 Card Lot 1 Ultra Rare + All Holos | IR DR EX Full Art Reverse Hits,1,9.95
2026-04-25,17:41:10,18-14542-14788,NFL 15 Card Football Lot | 1 Auto/#d/Mem + 14 Rookie/Insert/Parallel | Optic,4,35.8
2026-04-25,19:14:18,25-14531-88227,Pokemon 15 Card Lot 1 Ultra Rare + All Holos | IR DR EX Full Art Reverse Hits,2,19.5
2026-04-25,21:25:22,20-14539-60057,Pokemon 15 Card Lot 1 Ultra Rare + All Holos | IR DR EX Full Art Reverse Hits,1,9.95
2026-04-26,6:11:37,13-14551-46125,Pokemon 15 Card Lot 1 Ultra Rare + All Holos | IR DR EX Full Art Reverse Hits,2,19.5
2026-04-26,8:35:15,21-14539-28694,Pokemon 15 Card Lot 1 Ultra Rare + All Holos | IR DR EX Full Art Reverse Hits,1,9.95
2026-04-26,15:01:56,,Pokémon TCG Mudsdale AR 078/071 SV5K Wild Force - Korean Scarlet & Violet,1,3.25
2026-04-26,15:02:11,05-14565-93400,Pokemon 15 Card Lot 1 Ultra Rare + All Holos | IR DR EX Full Art Reverse Hits,3,28.35
2026-04-26,17:00:42,,Larvesta AR 103/086 SV11B Black Bolt - Pokemon Card Scarlet & Violet Korean,1,3.75
2026-04-26,18:31:04,20-14543-20232,Pokemon 15 Card Lot 1 Ultra Rare + All Holos | IR DR EX Full Art Reverse Hits,1,9.95
2026-04-26,20:17:57,10-14558-40614,Pokemon 15 Card Lot 1 Ultra Rare + All Holos | IR DR EX Full Art Reverse Hits,5,44.75
2026-04-26,21:16:05,02-14571-31822,Pokemon 15 Card Lot 1 Ultra Rare + All Holos | IR DR EX Full Art Reverse Hits,1,9.95
2026-04-26,21:51:07,27-14533-42389,Pokemon 15 Card Lot 1 Ultra Rare + All Holos | IR DR EX Full Art Reverse Hits,1,9.95
2026-04-27,0:40:26,19-14545-63536,Pokemon 15 Card Lot 1 Ultra Rare + All Holos | IR DR EX Full Art Reverse Hits,1,9.95
2026-04-27,7:27:03,21-14543-54047,Pokémon TCG Psyduck Scarlet & Violet-151 175/165 Holo Illustration Rare,1,55
2026-04-27,19:07:07,24-14556-77291,Tua Tagovailoa Rocket Emoji Case Hit 2025 Panini Optic #39 Dolphins Falcons,1,3.49
2026-04-28,8:13:28,18-14553-16125,Pokemon 15 Card Lot 1 Ultra Rare + All Holos | IR DR EX Full Art Reverse Hits,1,9.95
2026-04-28,14:23:38,09-14568-20012,Pokemon 15 Card Lot 1 Ultra Rare + All Holos | IR DR EX Full Art Reverse Hits,1,9.95
2026-04-28,17:49:09,26-14543-24823,Pokemon 15 Card Lot 1 Ultra Rare + All Holos | IR DR EX Full Art Reverse Hits,1,9.95
2026-04-28,23:05:55,27-14542-78712,NFL 15 Card Football Lot | 1 Auto/#d/Mem + 14 Rookie/Insert/Parallel | Optic,1,9.95
2026-04-29,14:07:39,25-14548-78496,Pokemon 15 Card Lot 1 Ultra Rare + All Holos | IR DR EX Full Art Reverse Hits,1,9.95
2026-04-29,17:52:00,16-14563-02777,"Pokemon Lot for crisz-85 (photo illustrative, contents in description)",1,135
2026-04-29,22:28:03,20-14557-65754,Pokemon 15 Card Lot 1 Ultra Rare + All Holos | IR DR EX Full Art Reverse Hits,2,19.5
2026-04-30,9:57:08,05-14582-93863,Pokemon 15 Card Lot 1 Ultra Rare + All Holos | IR DR EX Full Art Reverse Hits,2,19.5
2026-04-30,12:00:42,04-14584-57995,2022 Bowman Paper Prospects Elly De La Cruz 1st Bowman RC #BP-50 Cincinnati Reds,1,4
2026-04-30,14:51:40,24-14569-62451,Pokemon 15 Card Lot 1 Ultra Rare + All Holos | IR DR EX Full Art Reverse Hits,1,9.95
2026-04-30,16:19:23,20-14561-12278,Pokemon 15 Card Lot 1 Ultra Rare + All Holos | IR DR EX Full Art Reverse Hits,2,19.5
2026-04-30,19:31:53,05-14585-01646,Pokemon 15 Card Lot 1 Ultra Rare + All Holos | IR DR EX Full Art Reverse Hits,4,35.8
2026-04-30,20:18:10,04-14586-24839,Pokemon 15 Card Lot 1 Ultra Rare + All Holos | IR DR EX Full Art Reverse Hits,3,28.35
2026-04-30,20:38:35,24-14570-65264,Pokemon 15 Card Lot 1 Ultra Rare + All Holos | IR DR EX Full Art Reverse Hits,2,19.5
2026-04-30,22:26:27,15-14569-56855,Pokemon 15 Card Lot 1 Ultra Rare + All Holos | IR DR EX Full Art Reverse Hits,1,9.95
2026-04-30,22:36:17,27-14551-83338,Pokemon 15 Card Lot 1 Ultra Rare + All Holos | IR DR EX Full Art Reverse Hits,2,19.5
2026-05-01,8:55:56,02-14591-50196,Night Stretcher 173/132 Ultra Rare Full Art - Mega Evolution MEG Pokemon NM 173/,1,5
2026-05-01,9:48:18,10-14578-91057,Pokemon TCG Boss's Orders Cobreau 256/217 Ascended Heroes,1,10.5
2026-05-01,11:27:39,18-14567-45144,Pokemon TCG Jamming Tower 261/217 Ascended Heroes Full Art Trainer,1,2.99
2026-05-01,11:27:40,18-14567-45144,Pokemon TCG Energy Retrieval 71/108 Reverse Holo Evolutions,1,1.99
2026-05-01,11:27:41,18-14567-45144,Melmetal ex 105/142 OVERSIZED Jumbo Double Rare Stellar Crown Pokemon,1,1.99
2026-05-01,16:06:27,21-14563-59478,Pokemon 15 Card Lot 1 Ultra Rare + All Holos | IR DR EX Full Art Reverse Hits,1,9.95
2026-05-01,17:56:48,05-14589-01602,Pokémon Gengar Perfect Order Rare Holo 50/88 NM 050/088,4,7.96
2026-05-01,18:48:35,20-14565-85282,2025 Panini Mosaic Tyler Warren Purple Scope RC Football Card #354 Colts,1,1.99
2026-05-01,19:26:30,04-14590-36654,Pokemon 15 Card Lot 1 Ultra Rare + All Holos | IR DR EX Full Art Reverse Hits,1,9.95
2026-05-01,19:40:39,11-14579-56802,Pokemon 15 Card Lot 1 Ultra Rare + All Holos | IR DR EX Full Art Reverse Hits,1,9.95
2026-05-02,8:39:08,20-14567-76686,Pokemon 15 Card Lot 1 Ultra Rare + All Holos | IR DR EX Full Art Reverse Hits,1,9.95
2026-05-02,8:41:36,02-14595-52350,Pokemon 15 Card Lot 1 Ultra Rare + All Holos | IR DR EX Full Art Reverse Hits,1,9.95
2026-05-02,9:03:12,02-14595-60279,Pokemon 15 Card Lot 1 Ultra Rare + All Holos | IR DR EX Full Art Reverse Hits,1,9.95
2026-05-02,11:04:13,27-14558-04078,Pokemon 15 Card Lot 1 Ultra Rare + All Holos | IR DR EX Full Art Reverse Hits,1,9.95
2026-05-02,16:38:03,27-14559-19507,Pokemon 15 Card Lot 1 Ultra Rare + All Holos | IR DR EX Full Art Reverse Hits,3,28.35
2026-05-02,20:46:25,20-14570-10694,2026 Topps Chrome Black Baseball Hobby Box - CONFIRMED,1,340
2026-05-03,10:03:24,14-14581-19746,NFL 15 Card Football Lot | 1 Auto/#d/Mem + 14 Rookie/Insert/Parallel | Optic,3,28.35
2026-05-03,13:21:26,15-14580-50082,Cooper Flagg 2025-26 Topps #PP-16 PSA 10 Gem MT Power Players RC Mavericks,1,124.99
2026-05-03,17:05:59,08-14591-79073,Pokemon 15 Card Lot 1 Ultra Rare + All Holos | IR DR EX Full Art Reverse Hits,1,9.95
2026-05-03,19:31:58,16-14580-50278,Pokemon 15 Card Lot 1 Ultra Rare + All Holos | IR DR EX Full Art Reverse Hits,1,9.95
2026-05-04,1:30:40,07-14595-04693,Pokemon 15 Card Lot 1 Ultra Rare + All Holos | IR DR EX Full Art Reverse Hits,2,19.5
2026-05-04,1:34:00,03-14588-46633,Pokemon 15 Card Lot 1 Ultra Rare + All Holos | IR DR EX Full Art Reverse Hits,2,19.5
2026-05-04,3:00:55,05-14598-71174,Pokemon Janine's Secret Art 173/131 Prismatic Evolutions SIR (NM) 173/131,1,19.5
2026-05-04,15:45:16,22-14575-71952,Pokemon 15 Card Lot 1 Ultra Rare + All Holos | IR DR EX Full Art Reverse Hits,6,53.7
2026-05-04,16:38:09,16-14584-94570,Pokemon Iron Hands 154/131 ex SV Prismatic Evolutions SIR Holo TCG,1,29.95
2026-05-04,16:44:19,01-14608-69487,Pokemon 15 Card Lot 1 Ultra Rare + All Holos | IR DR EX Full Art Reverse Hits,1,8.95
2026-05-04,20:25:35,06-14601-05680,Hisuian Typhlosion V Full Art 169/189 SWSH10: Astral Radiance Pokémon Ultra Rare,1,5.99
2026-05-04,22:32:17,09-14596-42157,NFL 15 Card Football Lot | 1 Auto/#d/Mem + 14 Rookie/Insert/Parallel | Optic,1,9.95
2026-05-05,9:19:30,13-14592-60741,Pikachu Swirl 🌀051 /162 Stamped 2026 Pokemon Day 30th Anniversary Promo TCG TEF,1,14.99
2026-05-05,14:17:10,09-14599-62006,Pokemon 15 Card Lot 1 Ultra Rare + All Holos | IR DR EX Full Art Reverse Hits,1,9.95
2026-05-05,19:47:10,08-14602-08065,Pokemon 15 Card Lot 1 Ultra Rare + All Holos | IR DR EX Full Art Reverse Hits,2,19.5
2026-05-06,1:22:01,23-14580-37295,Pokemon 15 Card Lot 1 Ultra Rare + All Holos | IR DR EX Full Art Reverse Hits,2,19.5
2026-05-06,2:01:41,10-14599-93144,3x Lot - Ascended Heroes First Partners Deluxe Sealed Pin Collection Lot Of 3,1,172.95
2026-05-06,9:54:31,18-14589-58548,Pokemon 15 Card Lot 1 Ultra Rare + All Holos | IR DR EX Full Art Reverse Hits,2,19.5
2026-05-06,10:34:55,14-14595-82165,2025 Donruss Optic #190 Drew Brees Neon Green /199 New Orleans Saints,1,8.49
2026-05-06,13:16:43,,Special Energy Lot Growing Rocky Telepathic 86 87 88 Perfect Order Reverse Holo,1,1.25
2026-05-06,14:03:53,11-14601-28937,2026 Topps Chrome Black Baseball Hobby Box - Ships Same Day - Guaranteed Auto,1,350
2026-05-06,15:16:30,01-14617-93387,NFL 15 Card Football Lot | 1 Auto/#d/Mem + 14 Rookie/Insert/Parallel | Optic,2,19.5
2026-05-06,17:18:31,18-14591-32932,Pokemon 15 Card Lot 1 Ultra Rare + All Holos | IR DR EX Full Art Reverse Hits,7,62.65
2026-05-06,18:36:49,12-14600-75166,Pokemon 15 Card Lot 1 Ultra Rare + All Holos | IR DR EX Full Art Reverse Hits,2,19.5
2026-05-06,18:37:53,19-14590-09399,2026 Topps Chrome Black Baseball Hobby Box - Ships Same Day - Guaranteed Auto,1,360
2026-05-07,11:52:52,02-14619-55101,Butterfree V Full Art 177/189 Darkness Ablaze 2020 Ultra Rare Pokemon TCG - NM,1,4.79
2026-05-07,19:47:11,12-14605-44431,Pokemon 15 Card Lot 1 Ultra Rare + All Holos | IR DR EX Full Art Reverse Hits,1,9.95
2026-05-07,21:35:34,20-14593-35765,Psyduck 028/189 Reverse Holo Pokemon TCG: Astral Radiance 028/189,1,2.29
2026-05-08,2:47:01,11-14607-73279,Pokemon 15 Card Lot 1 Ultra Rare + All Holos | IR DR EX Full Art Reverse Hits,2,19.5
2026-05-08,16:47:10,17-14601-45206,NFL 15 Card Football Lot | 1 Auto/#d/Mem + 14 Rookie/Insert/Parallel | Optic,1,9.95
2026-05-08,18:56:14,14-14606-50910,NFL 15 Card Football Lot | 1 Auto/#d/Mem + 14 Rookie/Insert/Parallel | Optic,1,9.95
2026-05-08,19:11:31,10-14611-81220,Pokemon 15 Card Lot 1 Ultra Rare + All Holos | IR DR EX Full Art Reverse Hits,1,9.95
2026-05-09,5:30:53,19-14600-14479,2026 Topps Chrome Black Baseball Hobby Box - Ships Same Day - New Sealed,1,369.5
2026-05-09,7:56:39,22-14595-98282,Pokemon 15 Card Lot 1 Ultra Rare + All Holos | IR DR EX Full Art Reverse Hits,1,9.95
2026-05-09,10:59:15,27-14589-21641,Pokemon 15 Card Lot 1 Ultra Rare + All Holos | IR DR EX Full Art Reverse Hits,6,53.7
2026-05-09,13:33:59,22-14597-25684,First Partners Piplup S-Chinese Pokemon TCG 012 30th-P Sealed US SELLER NM Promo,1,11.99
2026-05-09,15:42:40,01-14630-85786,Pokemon 15 Card Lot 1 Ultra Rare + All Holos | IR DR EX Full Art Reverse Hits,5,44.75
2026-05-09,15:48:47,18-14603-77628,Pokemon 15 Card Lot 1 Ultra Rare + All Holos | IR DR EX Full Art Reverse Hits,1,9.95
2026-05-09,16:24:23,17-14605-29266,NFL 15 Card Football Lot | 1 Auto/#d/Mem + 14 Rookie/Insert/Parallel | Optic,2,18.52
2026-05-09,16:30:58,16-14606-94386,Bum Swirl Double Swirl 🌀 Pikachu 051 /162 Stamped 2026 Pokemon Day Promo TCG,1,17
2026-05-09,16:43:09,21-14598-96436,NFL 15 Card Football Lot | 1 Auto/#d/Mem + 14 Rookie/Insert/Parallel | Optic,1,9.45
2026-05-09,17:38:55,23-14596-48973,Pokemon 15 Card Lot 1 Ultra Rare + All Holos | IR DR EX Full Art Reverse Hits,1,9.95
2026-05-10,6:47:57,17-14607-14660,Pokemon 15 Card Lot 1 Ultra Rare + All Holos | IR DR EX Full Art Reverse Hits,3,28.35
2026-05-10,9:03:14,05-14626-73028,Pokemon 15 Card Lot 1 Ultra Rare + All Holos | IR DR EX Full Art Reverse Hits,1,9.95
2026-05-10,11:00:17,05-14627-21188,Pokemon 15 Card Lot 1 Ultra Rare + All Holos | IR DR EX Full Art Reverse Hits,1,9.95
2026-05-10,12:03:29,04-14628-65619,Pokemon 15 Card Lot 1 Ultra Rare + All Holos | IR DR EX Full Art Reverse Hits,4,35.8
2026-05-10,15:24:56,17-14609-22819,Glaceon ex - (Holiday Calendar) Double Rare SV: Prismatic Evolutions 026/131 NM,1,2.79
2026-05-10,17:45:12,09-14621-97938,Pokémon TCG Mega Scrafty Ex 270/217 Mega Attack Rare Ascended Heroes,1,7
2026-05-10,19:56:18,15-14613-25560,Golduck 17/100 Reverse Holo Rare EX Sandstorm E Series 2003 Pokemon Card,1,16
2026-05-11,21:17:59,09-14627-62936,Pikachu 025/165 Reverse Holo - SV: Scarlet & Violet 151 - Pokemon TCG 025/165,1,2.29
2026-05-12,6:30:25,06-14633-99408,Pokemon Team Rocket's Transceiver 263/217 Ascended Heroes NM Ultra Rare Holo TCG,1,2.5
2026-05-12,10:40:52,23-14608-60163,Pokemon 15 Card Lot 1 Ultra Rare + All Holos | IR DR EX Full Art Reverse Hits,1,9.95
2026-05-12,18:15:46,02-14643-00749,Pokemon 15 Card Lot 1 Ultra Rare + All Holos | IR DR EX Full Art Reverse Hits,1,9.95
2026-05-12,18:25:35,05-14638-58720,Raichu V 158/172 Ultra Rare Brilliant Stars Pokemon TCG Full Art NM,1,5.79
2026-05-12,18:25:35,05-14638-58720,Pokemon Omastar V 174/195 Silver Tempest Sword & Shield FULL ART,1,3.29
2026-05-12,18:25:36,05-14638-58720,Single Strike Urshifu V 150/163 Pokemon TCG Battle Styles Full Art Holo NM,1,5.95
2026-05-12,18:54:50,26-14605-60641,Pokemon 15 Card Lot 1 Ultra Rare + All Holos | IR DR EX Full Art Reverse Hits,2,19.5
2026-05-12,21:52:29,12-14627-70769,Pokemon 15 Card Lot 1 Ultra Rare + All Holos | IR DR EX Full Art Reverse Hits,1,9.95
2026-05-13,4:26:27,24-14624-83977,2025 Topps Signature Class Mega Box Football | Sealed Presale 6/5 QTY NFL,2,219.9
2026-05-13,5:44:55,09-14633-41882,Pokemon TCG Ascended Heroes First Partner Deluxe - Promo Cards + PIN,2,5
2026-05-13,14:58:19,05-14642-53944,15 Card Football Lot | 1 Auto/#d/Patch + 14 Rookie/Insert/Parallel Cards,1,9.45
2026-05-13,17:06:43,24-14627-69088,15 Card Football Lot | 1 Auto/#d/Patch + 14 Rookie/Insert/Parallel Cards,3,26.91
2026-05-13,18:46:01,11-14633-24961,15 Card Football Lot | 1 Auto/#d/Patch + 14 Rookie/Insert/Parallel Cards,4,34
2026-05-14,14:18:03,17-14627-36394,Pokemon 15 Card Lot 1 Ultra Rare + All Holos | IR,2,19.5
2026-05-14,14:25:16,23-14618-25757,Pokemon TCG Mega Kangaskhan ex JUMBO MEP 025 Lenti,1,1.99
2026-05-14,21:49:24,07-14644-46315,Eeveelution + Gengar Mixed Lot - 37 Cards (seanley,1,45.88
2026-05-14,22:30:21,21-14622-27890,15 Card Football Lot | 1 Auto/#d/Patch + 14 Rookie,1,9.45
2026-05-15,1:23:50,02-14652-95607,Meowth ex 062/088 Mega Evolution 03 Perfect Order,1,4.95
2026-05-15,13:18:37,17-14631-45714,15 Card Football Lot | 1 Auto/#d/Patch + 14 Rookie,2,18.52
2026-05-15,13:47:43,16-14633-21355,Pokemon Raging Bolt EX Special Illustration Rare 1,1,68.95
2026-05-15,15:35:06,27-14616-68097,Pokemon TCG Mega Kangaskhan ex JUMBO MEP 025 Lenti,1,1.99
2026-05-15,16:01:06,17-14631-94536,15 Card Football Lot | 1 Auto/#d/Patch + 14 Rookie,1,9.45
2026-05-15,17:02:53,22-14624-43882,15 Card Football Lot | 1 Auto/#d/Patch + 14 Rookie,1,9.45
2026-05-15,17:23:15,03-14654-18745,Pokemon 15 Card Lot 1 Ultra Rare + All Holos | IR,2,19.5
2026-05-16,5:58:19,09-14646-14569,15 Card Premium Pikachu Pokemon TCG Lot | 1 Ultra,1,11.74
2026-05-16,12:45:39,25-14622-81926,Pokémon TCG Candice 204/195 Secret Rare Holo SWSH1,1,5.49
2026-05-16,17:55:21,25-14623-67296,20 Card Premium Pikachu Pokemon TCG Lot | 1 Ultra,5,52.8
2026-05-16,18:22:09,10-14646-86879,Pokemon 15 Card Lot 1 Ultra Rare + All Holos | IR,2,19.5
2026-05-17,6:48:27,23-14628-40097,20 Card Premium Pikachu Pokemon TCG Lot | 1 Ultra,1,11.74
2026-05-17,8:52:50,04-14658-51858,Pokemon 15 Card Lot 1 Ultra Rare + All Holos | IR,3,28.35
2026-05-17,10:16:32,11-14647-68834,20 Card Premium Pikachu Pokemon TCG Lot | 1 Ultra,1,11.74
2026-05-17,15:36:25,12-14647-58410,Pokemon 15 Card Lot 1 Ultra Rare + All Holos | IR,1,9.95
2026-05-17,16:01:21,03-14661-78430,20 Card Premium Pikachu Pokemon TCG Lot | 1 Ultra,3,33.45
2026-05-17,16:06:17,17-14639-76512,Pokemon 15 Card Lot 1 Ultra Rare + All Holos | IR,6,53.7
2026-05-17,17:08:13,22-14632-30616,Pokémon Lt. Surge's Bargain Me01 Mega Evolution Ra,1,19.95
2026-05-17,18:06:42,,Espeon V - Double Rare S6a: Eevee Heroes 035/069 Holo NM KOREAN KR 35/69,1,0.99
2026-05-17,19:42:40,13-14647-10477,Pokemon 15 Card Lot 1 Ultra Rare + All Holos | IR,1,9.95
2026-05-18,11:05:58,08-14657-35529,Pokemon 15 Card Lot 1 Ultra Rare + All Holos | IR,1,9.95
2026-05-18,15:06:59,09-14657-06852,Pokemon 15 Card Lot 1 Ultra Rare + All Holos | IR,1,9.95
2026-05-18,15:06:59,09-14657-06852,Pokemon 15 Card Lot 1 Ultra Rare + All Holos | IR,1,12.95
2026-05-18,17:20:45,23-14635-82372,20 Card Premium Pikachu Pokemon TCG Lot | 1 Ultra,1,12.95
2026-05-18,18:21:42,26-14631-26131,Pokemon 15 Card Lot 1 Ultra Rare + All Holos | IR,1,9.95
2026-05-18,20:35:25,08-14659-47106,20 Card Premium Pikachu Pokemon TCG Lot | 1 Ultra,4,46.6
2026-05-18,21:26:53,10-14656-51334,2026 Topps Series 2 Baseball Hobby Jumbo | 1 Auto,1,349.95
2026-05-18,21:50:43,,Snorlax 109/159 Reverse Holo Crown Zenith Pokemon Card TCG,1,6.25
2026-05-19,18:23:09,07-14665-44497,Pokemon 15 Card Lot 1 Ultra Rare + All Holos | IR,1,9.95
2026-05-19,18:37:34,25-14637-20245,Iris's Fighting Spirit 180/159 Ultra Rare Journey,1,2.79
2026-05-19,18:37:35,25-14637-20245,Iris's Fighting Spirit 180/159 Ultra Rare Journey,2,5.98
2026-05-19,18:45:23,11-14659-01805,Pokemon 15 Card Lot 1 Ultra Rare + All Holos | IR,1,9.95
2026-05-19,19:09:55,26-14635-68399,2026 Topps Heritage Baseball Mega Box | Sealed New,1,69.95
2026-05-19,19:34:10,18-14648-30081,2020 Bowman 1st First #BP-25 Bobby Witt Jr. Prospe,1,2.79
2026-05-19,22:31:40,21-14643-59638,N's PP Up 262/217 ME: Ascended Heroes NM Pokemon U,1,4.99
2026-05-20,18:42:51,06-14671-66075,Pokemon 15 Card Lot 1 Ultra Rare + All Holos | IR,2,19.5
2026-05-20,22:09:48,20-14649-86270,Pokemon 15 Card Lot 1 Ultra Rare + All Holos | IR,1,9.95
2026-05-21,0:28:55,14-14659-57127,30 Card Elite Pikachu Pack | 1 Guaranteed Pikachu,2,44
2026-05-21,10:33:27,15-14659-63784,Misty's Psyduck Illustration Rare SV10: Destined R,1,79.95
2026-05-21,12:02:27,01-14683-21137,Cooper Flagg 2025-26 Topps #PP-16 PSA 10 Gem MT Po,1,109.95
2026-05-21,14:29:47,24-14661-39775,20 Card Elite Pikachu Pack | 1 Guaranteed Pikachu,1,12.3
2026-05-21,14:54:13,26-14643-51033,20 Card Elite Pikachu Pack | 1 Guaranteed Pikachu,1,12.3
2026-05-21,16:13:32,10-14668-70982,Pokemon Team Rocket's Crobat ex - 217/182 SV10: De,1,3.49
2026-05-21,16:28:33,,Topps 2026 Bowman Baseball Hobby Box Factory Sealed MLB ✅ IN HAND SHIPS NOW,1,301
2026-05-22,12:15:02,25-14648-62027,SEALED CASE 2026 Topps Bowman Baseball 12 Hobby Bo,1,3799
2026-05-22,15:07:09,21-14655-13415,Corviknight VMAX 110/163 Holo VMAX Rare Battle Sty,1,2.49
2026-05-22,18:07:59,13-14668-82325,Venusaur V 001/073 Holo V Rare Champion's Path Pok,1,3.49
2026-05-22,18:09:34,15-14665-28491,Dragonite V - 049/078 - Pokémon GO Ultra Rare Holo,1,5.49
2026-05-22,18:12:58,20-14657-50035,Pokemon Greninja V Fusion Strike #073/264 Ultra Ra,1,3.99
2026-05-22,18:15:11,07-14678-22153,Pokémon TCG- 038/072 Morpeko - VMAX Holo Rare Ultr,1,3.49
2026-05-22,18:15:34,02-14686-44242,Mewtwo 056/172 Swsh09: Brilliant Stars Reverse Hol,1,2.99
2026-05-22,18:17:07,08-14676-25563,Gallade V SWSH258 Holo Promo Sword & Shield Promo,1,1.49
2026-05-22,18:17:35,21-14655-63200,Shadow Rider Calyrex VMAX 075/198 Chilling Reign P,1,1.49
2026-05-22,18:18:25,21-14655-63394,Kingler VMAX Holo Ultra Rare Pokémon TCG Brilliant,1,2.99
2026-05-22,18:19:03,27-14646-78921,Ditto VMAX Holo Ultra Rare Shining Fates 051/072 N,1,5.49
2026-05-22,18:19:07,05-14681-85534,Rotom V (Full Art) Ultra Rare SWSH11: Lost Origin,1,4.49
2026-05-22,18:20:31,25-14649-72720,Judge 222/182 Ultra Rare Destined Rivals Pokemon N,1,4.49
2026-05-22,18:21:05,08-14676-26594,Pokemon Team Rocket's Transceiver 263/217 Ascended,1,3.29
2026-05-22,18:21:49,27-14646-79651,Pokemon Galvantula ex - 159/142 - Full Art Ultra R,1,3.95
2026-05-22,18:22:19,09-14674-83387,Pikachu 062/193 Sv02: Paldea Evolved Reverse Holo,1,1.99
2026-05-22,18:22:43,24-14666-06093,Charmander 026/197 Reverse Holo Near Mint Pokemon,1,1.99
2026-05-22,18:23:36,07-14678-24361,Pokemon TCG Mega Emboar EX 031/217 Ascended Heroes,1,1.99
2026-05-22,18:24:41,08-14676-27461,Korean ex Double Rare Lot Pokemon TCG 8x Pidgeot L,1,9.99
2026-05-22,18:25:00,20-14657-53336,Precious Trolley ACE SPEC - Surging Sparks - SSP 1,1,2.95
2026-05-22,18:26:12,05-14681-87267,Wondrous Patch 117/088 Perfect Order Holo Secret R,1,5.95
2026-05-23,6:08:41,01-14689-97217,2025 Topps Inception Baseball Hobby Box - QTY Avai,3,908.46
2026-05-23,13:11:00,10-14675-96503,Pokemon 15 Card Lot 1 Ultra Rare + All Holos | IR,1,9.95
2026-05-23,16:39:28,16-14667-27241,Pokemon 15 Card Lot 1 Ultra Rare + All Holos | IR,1,9.95
2026-05-23,19:23:45,06-14683-74235,Pokemon 15 Card Lot 1 Ultra Rare + All Holos | IR,4,34.2
2026-05-23,20:55:08,26-14652-09926,Pokemon 15 Card Lot 1 Ultra Rare + All Holos | IR,1,9.5
2026-05-23,21:56:39,15-14669-42349,15 Card Football Lot | 1 Jersey Patch Mem + 14 Roo,1,9.45
2026-05-24,11:21:23,12-14676-25544,Pokemon TCG Perfect Order Mega Starmie EX 102/088,1,14
2026-05-24,11:30:20,18-14666-81220,Team Rocket's Houndoom 191/182 SV10: Destined Riva,1,17
2026-05-24,14:14:41,19-14665-88138,15 Card Football Lot | 1 Jersey Patch Mem + 14 Roo,2,18.52
2026-05-24,17:27:12,18-14668-01451,QTY Discount | 2025 Topps Signature Class Mega Box,1,97.5
2026-05-25,13:41:58,10-14684-05774,Pokemon 15 Card Lot 1 Ultra Rare + All Holos | IR,6,51.3
2026-05-25,15:02:23,21-14666-78912,Pokemon 15 Card Lot 1 Ultra Rare + All Holos | IR,2,18.62
2026-05-25,15:43:10,23-14664-19969,QTY Discount 2026 Topps Chrome Disney Factory Seal,2,1067.22
2026-05-25,16:33:33,12-14681-69644,Pokemon 15 Card Lot 1 Ultra Rare + All Holos | IR,7,59.85
2026-05-25,18:39:18,20-14669-39890,Pokemon 15 Card Lot 1 Ultra Rare + All Holos | IR,1,9.5
2026-05-25,19:34:21,09-14686-93426,15 Card Football Lot | 1 Jersey Patch Mem + 14 Roo,2,24.4
2026-05-25,19:35:01,25-14661-79668,2024 Topps Chrome Jackson Chourio RC #161 Milwauke,1,1.63
2026-05-26,9:14:40,11-14686-07805,15 Card Football Lot | 1 Jersey Patch Mem + 14 Roo,1,12.45
2026-05-26,9:37:07,15-14679-78836,Dunsparce 120/159 Reverse Holo - SV Journey Togeth,1,1.74
2026-05-26,12:21:43,24-14681-22667,Pokemon 15 Card Lot 1 Ultra Rare + All Holos | IR,1,9.65
2026-05-26,12:35:26,23-14668-14129,Pokemon 15 Card Lot 1 Ultra Rare + All Holos | IR,1,9.65
2026-05-26,14:23:07,07-14693-96696,Pokemon 15 Card Lot 1 Ultra Rare + All Holos | IR,4,35.08
2026-05-26,16:51:36,14-14683-18339,20 Card Elite Pikachu Pack | 1 Guaranteed Pikachu,1,13.95
2026-05-26,17:18:17,20-14673-72649,Pokemon 15 Card Lot 1 Ultra Rare + All Holos | IR,1,9.75
2026-05-27,12:57:30,15-14685-10281,15 Card Football Lot | 1 Jersey Patch Mem + 14 Hit,1,11.95
2026-05-27,13:07:07,05-14701-77107,15 Card Football Lot | 1 Jersey Patch Mem + 14 Hit,2,23.42
2026-05-27,13:09:57,19-14679-01384,Pokemon 15 Card Lot 1 Ultra Rare + All Holos | IR,1,9.75
2026-05-27,14:07:39,03-14704-72431,Pokemon 15 Card Lot 1 Ultra Rare + All Holos | IR,1,9.75
2026-05-27,16:42:18,08-14696-92660,Pokemon 15 Card Lot 1 Ultra Rare + All Holos | IR,1,9.75
2026-05-27,16:59:42,13-14689-51773,Pokemon 15 Card Lot 1 Ultra Rare + All Holos | IR,2,19.1
2026-05-27,17:52:42,13-14689-67967,15 Card Football Lot | 1 Jersey Patch Mem + 14 Hit,4,43
2026-05-27,19:42:07,17-14683-33508,Pokegear 3.0 Poke Ball Pattern 084/086 Pokemon SV:,1,2.29
2026-05-28,11:40:57,27-14670-49604,15 Card Football Lot | 1 Jersey Patch Mem + 14 Hit,4,43
2026-05-28,14:52:23,01-14713-42328,2026 Topps Series 2 Baseball Hobby Box Factory Sea,1,198.95
2026-05-28,15:56:54,14-14691-86989,Pokemon 15 Card Lot 1 Ultra Rare + All Holos | IR,1,12.25
2026-05-28,15:56:54,14-14691-86989,Pokemon 15 Card Lot 1 Ultra Rare + All Holos | IR,1,9.75
2026-05-28,15:56:54,14-14691-86989,Pokemon 15 Card Lot 1 Ultra Rare + All Holos | IR,1,1.99
2026-05-28,18:41:12,01-14714-12775,Pokémon TCG: Mega Evolution - Chaos Rising Booster,1,234.95
2026-05-28,19:33:41,20-14682-94557,2026 Topps Bowman Baseball Mega Sealed Case - 20 B,2,2600
2026-05-29,2:13:16,14-14693-31640,Pokemon TCG Clawitzer 38/132 Mega Evolution ME1 Co,1,1.79
2026-05-29,9:35:07,05-14709-68889,2025 Donruss Optic Abdul Carter #300 Holo Prizm Ro,1,1.49
2026-05-29,10:54:06,21-14683-53202,Pokemon 15 Card Lot 1 Ultra Rare + All Holos | IR,1,9.75
2026-05-29,12:26:00,05-14710-39920,Pokemon 15 Card Lot 1 Ultra Rare + All Holos | IR,1,9.75
2026-05-29,12:46:08,06-14708-53730,Pokemon 15 Card Lot 1 Ultra Rare + All Holos | IR,1,9.75
2026-05-29,14:10:49,19-14687-92945,Pokemon 15 Card Lot 1 Ultra Rare + All Holos | IR,2,19.1
2026-05-29,14:42:25,14-14695-94490,20 Card Elite Pikachu Pack | 1 Guaranteed Pikachu,1,12.25
2026-05-29,17:49:28,22-14683-73661,15 Card Football Lot | 1 Jersey Patch Mem + 14 Hit,5,53.75
2026-05-29,18:26:36,04-14712-70964,20 Card Elite Pikachu Pack | 1 Guaranteed Pikachu,2,23.76
2026-05-30,10:32:39,08-14708-22335,Steelix 150/132 Me01: Mega Evolution Holo TAG 10 G,1,76
2026-06-01,11:04:31,01-14729-82315,15 Card Football Lot | 1 Jersey Patch Mem + 14 Hit,1,11.95
2026-06-01,18:38:57,06-14722-86498,POKEMON Clobbopus TAG 9 207/191 EN-SURGING SPARK,1,20.95
2026-06-01,21:01:48,05-14725-22982,Pokemon 15 Card Lot 1 Ultra Rare + All Holos | IR,1,19.85
2026-06-03,0:44:55,18-14708-64045,15 Card Football Lot | 1 Jersey Patch Mem + 14 Hit,3,34.05
2026-06-03,20:14:38,15-14717-30008,Pokemon TCG ME04 Chaos Rising Booster Bundle New S,2,93.1
2026-06-04,8:29:18,12-14724-12976,2026 Topps Series 2 Baseball Hobby Box Factory Sea,1,198.95
2026-06-04,11:16:49,11-14726-29059,15 Card Football Lot | 1 Jersey Patch Mem + 14 Hit,1,11.75
2026-06-07,10:21:40,02-14753-14030,2026 Topps Chrome Marvel Comics Hobby Box (CONFIRM,2,790
2026-06-07,12:17:29,22-14721-01448,15 Card Football Lot | 1 Jersey Patch Mem + 14 Hit,1,11.75
2026-06-09,6:32:29,05-14757-16295,Adam Vinatieri /94 SP 2025 Panini Instant #440 Pat,1,12.99
2026-06-10,18:41:18,08-14758-53329,QTY Available Disney Lorcana TCG Wilds Unknown Boo,2,489.9
2026-06-10,19:27:30,13-14751-05051,15 Card Football Lot | 1 Jersey Patch Mem + 14 Hit,4,42.28
2026-06-13,12:44:03,19-14752-15472,2026 Topps UFC Freedom 250 Hobby box PRESALE Quant,3,717
2026-06-14,18:14:27,11-14770-09109,Steelix 150/132 Mega Evolution Illustration Rare P,1,6.99
2026-06-14,19:04:48,05-14780-83243,2026 Topps Series 2 Baseball Hobby Box Factory Sea,1,169.99
2026-06-15,0:09:20,12-14769-44498,2026 Topps Tier One MLB Baseball Hobby Box Presale,1,435.99
2026-06-15,7:20:10,19-14759-25394,Gorgeist ex 102/086 Chaos Rising Ultra Rare Pokemon,1,1.99
2026-06-21,8:08:42,09-14800-33870,2025 Topps Chrome NFL Football Blaster Box Lot of,1,154.95
2026-06-21,13:16:12,18-14786-80323,2025 Topps Chrome NFL Football Mega Box Lot of Two,1,189.95
2026-06-21,13:33:34,13-14795-35009,Sprigatito 196/193 Illustration Rare Paldea Evolve,1,54.99
2026-06-21,18:13:44,22-14781-20540,2026 Topps Tier One MLB Baseball Hobby Box Presale,1,420
2026-06-21,19:10:13,08-14804-26791,2025-26 Topps NBA Hoops Basketball SEALED Hobby Bo,1,264.95
2026-06-21,21:01:29,17-14789-87061,Rapid Strike Urshifu VMAX TG21/TG30 Ultra Rare Bri,1,10.49
2026-06-22,12:12:24,23-14782-97110,Lt. Surge's Bargain Mega Evolution SIR 185/132 Pok,1,18.99
2026-06-22,13:59:46,14-14798-26564,Whirlipede 139/086 Art Rare Black Bolt sv11b Korea,1,3
2026-06-22,14:01:19,02-14818-63536,Pokemon TCG TAG 9 Spheal 199/191 Sv08 Surging Spar,1,26
2026-06-22,17:09:07,22-14785-63636,Super Prismatic Evolutions Playmat Pokemon TCG Pad,1,24.95
2026-06-23,20:38:59,06-14817-32559,Pokemon 15 Card Lot 1 Ultra Rare + 14 Holos | Perf,3,26.91
2026-06-23,21:34:32,09-14812-09098,Gloom Cosmo Holo 002/094 Phantasmal Flames Pokemon,1,1.49
2026-06-24,6:51:12,02-14825-68844,2025 Topps Chrome Black NFL Football Hobby Box Pre,1,399.98
2026-06-24,14:13:02,23-14792-05843,Cramorant VMAX 055/072 Shining Fates Ultra Rare Po,1,1.49
2026-06-24,14:38:07,11-14811-95664,2026 Topps Tier One MLB Baseball Hobby Box - On Ha,1,434
2026-06-24,19:46:18,18-14801-28530,2026 Topps Series 2 Baseball Hobby Box Factory Sea,1,159.95
2026-06-26,15:32:30,02-14835-80288,Eevee ex 174 Scarlet & Violet Promo Prismatic Evol,1,27
2026-06-26,19:45:56,03-14834-42528,Victini Cosmos Holo Stamped 012/086 Black Bolt Pro,1,1.79
2026-06-27,12:55:50,18-14811-79486,SEALED Eevee Black Star Promo 173 Prismatic Evolut,1,18
2026-06-27,16:08:21,07-14830-89782,Pikachu Illustration Rare 173/165 Scarlet & Violet,1,105.99
2026-06-27,19:36:18,03-14838-05158,Mega Greninja ex 116/086 Special Illustration Rare,1,300
2026-06-28,7:46:00,20-14810-90655,2026 TOPPS CHROME BASEBALL JUMBO HOBBY BOX - PRESA,2,1069.9
2026-06-28,13:10:28,08-14832-11965,2026 Topps Tier One MLB Baseball Hobby Box - On Ha,2,898
2026-06-28,14:35:56,14-14822-64919,Super Prismatic Evolutions Playmat Pokemon TCG Pad,1,24.95
2026-06-28,15:45:49,14-14822-87913,Eevee Prismatic Evolutions Card Sleeves Pokemon TC,1,13
2026-06-28,16:09:10,12-14826-31127,2025 TOPPS CHROME PLATINUM BASEBALL VALUE BLASTER,2,106.82
2026-06-28,16:45:12,10082856335603,Exeggcute 065/064 Art Rare Paradise Dragona sv7a Korean KR Pokemon TCG NM,1,0.99
2026-06-28,19:15:30,10087107804821,Snom 073/071 Art Rare Wild Force sv5k Korean KR Pokemon TCG NM,1,0.99
2026-06-28,22:10:40,10-14830-53780,Jordan Whittington #352 No Name Rated Rookie (RC),1,8.99
2026-06-30,16:43:19,16-14828-87803,Pokemon 15 Card Lot 1 Ultra Rare + 14 Holos | Perf,1,9.95
2026-06-30,17:16:38,02-14853-07800,Pokemon 15 Card Lot 1 Ultra Rare + 14 Holos | Perf,1,9.95
2026-06-30,19:24:23,21-14820-62806,Pokemon 15 Card Lot 1 Ultra Rare + 14 Holos | Perf,1,9.95
2026-07-01,16:13:34,05-14852-51384,Pokemon 15 Card Lot 1 Ultra Rare + 14 Holos | Perf,1,9.95
2026-07-01,19:13:57,10-14843-74669,Pokemon 15 Card Lot 1 Ultra Rare + 14 Holos | Perf,1,9.95
2026-07-01,20:46:28,03-14856-06260,Flareon GX SM171 Black Star Promo Sun & Moon Pokem,1,9.99
2026-07-01,21:22:26,09-14845-87623,Metagross V Full Art Ultra Rare 181/198 Chilling R,1,5.95
2026-07-02,7:26:02,27-14817-22543,2026 Topps Series 2 Baseball All Star Game Mega Bo,1,89.95
2026-07-02,19:05:28,25-14823-19292,Pokemon 15 Card Lot 1 Ultra Rare + 14 Holos | Perf,1,9.95
2026-07-02,22:37:51,24-14840-15194,Suicune V Full Art Ultra Rare 173/203 Evolving Ski,1,9.95
2026-07-03,6:24:40,13-14845-12686,Pokemon 15 Card Lot 1 Ultra Rare + 14 Holos | Perf,2,19.5
2026-07-03,17:01:44,15-14843-68946,Zoroark Cosmos Holo Stamped 062/086 White Flare Pr,1,2.49
2026-07-03,17:20:32,07-14857-60245,Pokemon 15 Card Lot 1 Ultra Rare + 14 Holos | Perf,1,9.95
2026-07-03,20:37:26,14-14846-00653,2025 Topps Chrome Black NFL Football Hobby Box Pre,2,809.82
2026-07-04,11:04:26,19-14839-50699,Super Prismatic Evolutions Playmat Pokemon TCG Pad,1,24.95
2026-07-04,16:50:48,10-14855-55251,Pokemon 15 Card Lot 1 Ultra Rare + 14 Holos | Perf,6,51.3
2026-07-04,17:01:02,02-14869-86801,Pokemon 15 Card Lot 1 Ultra Rare + 14 Holos | Perf,1,9.5
2026-07-04,18:40:44,18-14842-44087,Eevee VMAX SWSH087 Holo Promo Sword & Shield Promo,1,4
2026-07-05,8:02:32,04-14867-92845,2025-26 Topps NBA Hoops Basketball SEALED Hobby Bo,1,234.95
2026-07-05,11:19:21,06-14865-39588,Pokemon 15 Card Lot 1 Ultra Rare + 14 Holos | Perf,4,34.2
2026-07-05,21:24:11,05-14869-57913,Pokemon 15 Card Lot 1 Ultra Rare + 14 Holos | Perf,1,9.5
2026-07-05,22:36:22,11-14858-77958,Mewtwo VSTAR Ultra Rare Pokemon GO Pokemon TCG NM,1,8.99
2026-07-06,11:00:28,10-14862-75697,Topps 2025 Inception Hobby Box Factory Sealed - On,3,807
2026-07-06,16:58:25,11-14862-64932,Reshiram 022/142 Stellar Crown Stamped Cosmos Holo,1,3.99
2026-07-07,1:13:21,20-14848-55608,Pokemon 15 Card Lot 1 Ultra Rare + 14 Holos | Perf,2,18.04
2026-07-07,2:41:39,04-14876-16861,Adam Vinatieri /94 SP 2025 Panini Instant #440 Pat,1,11.99
2026-07-07,4:59:55,11-14864-32325,Drake Maye #431 2025 Panini Instant NFL /1230 #d A,1,5.49
2026-07-08,13:24:45,11-14870-58450,Pokemon 15 Card Lot 1 Ultra Rare + 14 Holos | Perf,2,18.04
2026-07-08,22:02:33,04-14884-45825,Lycanroc V SWSH199 Sword & Shield Black Star Promo,1,1.49
2026-07-09,17:33:10,19-14862-28387,2026 Topps Series 2 Baseball Hobby Box Factory Sea,1,139.95
2026-07-10,7:39:30,17-14867-59558,2025 Topps Cooper Flagg Power Players PP-16 | Dall,1,6
2026-07-10,9:56:13,18-14866-49127,2025-26 Topps NBA Hoops Basketball SEALED Hobby Bo,1,205
2026-07-10,12:21:56,04-14891-20571,2x Lot - Vibes TCG Pudgy Penguins Series 3 Booster,1,20.95
2026-07-11,11:05:43,20-14866-95234,Lycanroc V Full Art Ultra Rare 187/203 Evolving Sk,1,4.5
2026-07-11,17:51:18,08-14888-52527,Pokemon 15 Card Lot 1 Ultra Rare + 14 Holos | Perf,2,18.04
2026-07-11,18:08:59,17-14873-19470,Pokemon 15 Card Lot 1 Ultra Rare + 14 Holos | Perf,2,18.04
2026-07-11,18:19:22,15-14876-67818,2026 Topps Chrome Baseball Hobby Box Factory Seale,1,309.95
2026-07-11,18:47:56,04-14895-94312,Emma Ultra Rare Trainer Full Art 107/086 Chaos Ris,1,4.95
2026-07-12,10:32:39,11-14885-73950,Mega Zygarde ex 071 Black Star Promo Perfect Order,1,1.59
2026-07-12,19:40:31,10-14889-41310,First Partners Piplup S-Chinese Pokemon TCG 012 30,1,11
2026-07-12,21:56:34,07-14895-25777,2025-26 Topps NBA Hoops Basketball SEALED Hobby Bo,2,435.1
2026-07-13,9:11:07,17-14879-78558,2026 TOPPS SERIES 2 BASEBALL ALL-STAR GAME MEGA BO,1,69.95
2026-07-13,9:22:37,23-14869-71614,2026 TOPPS SERIES 2 BASEBALL ALL-STAR GAME MEGA BO,1,69.95
2026-07-13,10:10:30,17-14880-05675,2026 Topps Tier One MLB Baseball Hobby 2 Auto 1 Re,1,499
2026-07-13,14:47:27,10-14893-15694,Eevee 133/165 Reverse Holo SV 151 Pokemon TCG NM,1,1.49
2026-07-13,16:24:30,27-14864-78070,Pokemon 15 Card Lot 1 Ultra Rare + 14 Holos | Perf,2,18.7
2026-07-13,17:30:53,24-14884-69269,Pokemon 15 Card Lot 1 Ultra Rare + 14 Holos | Perf,1,9.85
2026-07-13,19:32:25,16-14883-87213,Galarian Zapdos V Full Art Ultra Rare 173/198 Chil,1,9.95
2026-07-13,19:39:48,12-14890-88947,Lot of 2x - 2026 Topps Series 2 Super Box Exclusiv,1,120
2026-07-13,20:17:26,16-14884-07148,Pokemon 15 Card Lot 1 Ultra Rare + 14 Holos | Perf,1,9.85
2026-07-14,0:19:06,04-14905-34655,Psyduck Love Ball Reverse Holo 039/217 Ascended He,2,2.98
2026-07-14,4:37:50,11-14893-56221,Gengar 050/088 Perfect Order Rare Holo 50/88 NM -,1,1.89
2026-07-14,8:06:04,27-14867-26505,2026 Topps Series 2 Baseball Hobby Jumbo | 1 Auto +,1,249
2026-07-14,8:33:11,10-14896-08856,Mega Pyroar ex 099/086 Chaos Rising Ultra Rare Poke,1,4.99
2026-07-14,10:11:10,04-14907-20398,Galarian Sirfetch'd V Full Art Ultra Rare 174/185 V,1,3.49
2026-07-14,10:11:10,04-14907-20398,Mega Gengar ex 073 Black Star Promo Mega Evolution,1,6.99
2026-07-14,10:24:47,17-14884-61620,2026 Topps Tier One MLB Baseball Hobby 2 Auto 1 Rel,1,449
2026-07-14,12:40:04,25-14871-61896,Pokemon 15 Card Lot 1 Ultra Rare + 14 Holos | Perfe,1,9.85
2026-07-14,12:42:40,05-14906-52347,Xerneas 091/086 Chaos Rising Full Art Illustration,1,12.5
2026-07-14,13:25:32,05-14906-69296,Pokemon 15 Card Lot 1 Ultra Rare + 14 Holos | Perfe,1,9.85
2026-07-14,14:02:38,07-14902-93615,15 Card Cutie Pie Pokemon Pack | Only Cute & Adorab,1,8.95
2026-07-14,15:19:26,26-14870-34727,Pokémon Oinkologne Shiny Rare 208/091 PAF SV: Palde,1,4
2026-07-14,16:09:55,25-14872-33470,Blaziken V 020/198 Ultra Rare Chilling Reign Pokemo,1,1.59
2026-07-14,17:19:28,20-14880-97935,Pokemon 15 Card Lot 1 Ultra Rare + 14 Holos | Perfe,2,18.7
2026-07-15,0:17:46,07-14904-49068,Pokemon 15 Card Lot 1 Ultra Rare + 14 Holos | Perfe,4,35.44
2026-07-15,4:58:39,07-14905-10995,Heliolisk 229/217 Ascended Heroes Illustration Rare,1,3.99
2026-07-15,7:08:43,20-14882-94679,Xerneas 091/086 Chaos Rising Full Art Illustration,1,12.99
2026-07-15,18:39:19,12-14899-18408,Claydol 092/086 Chaos Rising Full Art Illustration,1,3.99
2026-07-16,8:42:34,01-14921-72169,Sliggoo Illustration Rare 095/086 Chaos Rising Poke,1,5.95
2026-07-16,9:27:04,26-14877-29644,2025-26 Topps NBA Hoops Basketball SEALED Hobby Box,1,299
2026-07-16,15:45:20,14-14899-40176,2026 Topps Chrome Baseball Hobby Box Factory Sealed,1,300
2026-07-16,21:26:03,10-14907-01262,2026 Topps STAR WARS CHROME GALAXY Hobby Box New Fa,1,379
2026-07-17,7:22:51,25-14882-86035,Snorlax ex 076/131 Double Rare Prismatic Evolutions,1,2.49
2026-07-17,13:48:36,02-14924-40819,15 Card Cutie Pie Pokemon Pack | Only Cute & Adorab,2,17.36
2026-07-17,14:01:47,07-14915-48200,15 Card Cutie Pie Pokemon Pack | Only Cute & Adorab,2,17.36
2026-07-17,15:28:31,03-14922-66885,Pokemon 15 Card Lot 1 Ultra Rare + 14 Holos | Perfe,1,9.85
2026-07-17,15:34:42,07-14915-83424,Pokemon 15 Card Lot 1 Ultra Rare + 14 Holos | Perfe,1,9.85
2026-07-17,15:46:24,25-14884-79640,2026 Topps Chrome Baseball Hobby Box Factory Sealed,2,598
2026-07-17,16:46:48,12-14907-30408,2026 Topps Chrome Baseball Hobby Box Factory Sealed,1,309.95
2026-07-17,17:46:56,12-14907-46064,2026 Topps Chrome Baseball Hobby Box Factory Sealed,1,300
2026-07-17,18:40:33,05-14920-26549,Fennekin 80 Black Star Promo Chaos Rising ETB Pokem,1,4.5
2026-07-17,19:02:07,02-14925-40544,Team Rocket's Spidops 187/182 Destined Rivals Illus,1,5.95
2026-07-17,23:05:05,27-14882-68615,Mega Charizard Y ex 022/217 Ascended Heroes Holo Do,1,7.96
2026-07-17,23:05:05,27-14882-68615,Rayquaza Holo Rare 153/217 Ascended Heroes Pokemon,1,1.44
2026-07-17,23:05:06,27-14882-68615,Gengar 050/088 Perfect Order Rare Holo 50/88 NM - P,1,1.51
2026-07-17,23:05:06,27-14882-68615,Pokemon 15 Card Lot 1 Ultra Rare + 14 Holos | Perfe,3,27.78
2026-07-17,23:05:15,27-14882-68614,Xerneas ex 179 Black Star Promo Scarlet & Violet S&,1,1.43
2026-07-17,23:05:16,27-14882-68614,Pokemon 9 Card Eeveelution Holo / Reverse Holo Set,1,6.39
2026-07-18,5:29:28,07-14917-90575,Pokemon Mega Evolution Pitch Black Booster Box Fact,1,225.95
2026-07-18,5:44:51,17-14900-46537,Pokemon 15 Card Lot 1 Ultra Rare + 14 Holos | Perfe,1,9.85
2026-07-18,7:09:28,20-14895-63083,2025-26 TOPPS CHROME UPDATE Basketball MEGA BOX NBA,1,129
2026-07-18,7:15:42,08-14916-17426,Pokemon 15 Card Lot 1 Ultra Rare + 14 Holos | Perfe,2,18.7
2026-07-18,10:14:17,13-14908-60795,Pokemon 15 Card Lot 1 Ultra Rare + 14 Holos | Perfe,1,9.85
2026-07-18,10:46:38,26-14885-98980,2025-26 TOPPS CHROME UPDATE Basketball MEGA BOX NBA,1,129
2026-07-18,11:14:23,11-14911-91652,Pokemon 15 Card Lot 1 Ultra Rare + 14 Holos | Perfe,2,18.7
2026-07-18,15:54:15,17-14902-55715,2026 Topps Chrome Baseball Hobby Box Factory Sealed,1,324.95
2026-07-18,16:43:34,25-14889-09878,Pokemon 15 Card Lot 1 Ultra Rare + 14 Holos | Perfe,7,62.02
2026-07-19,9:52:57,17-14905-05202,Cynthia's Spiritomb 244/217 Ascended Heroes Illustr,1,12
2026-07-19,15:12:18,02-14932-81995,Flying Pikachu Vmax 007/025 Pokemon Celebrations Ul,1,7.45
2026-07-19,18:51:25,05-14928-51596,Pokemon TCG Pitch Black Elite Trainer Box ETB NEW *,1,82.99
2026-07-19,19:59:19,15-14910-65870,Pokemon 9 Card Eeveelution Holo / Reverse Holo Set,1,7.99
2026-07-20,13:58:39,25-14897-22388,Disney Lorcana TCG Reign of Jafar Booster Box Facto,1,170
2026-07-20,14:48:35,13-14918-24210,Pokemon 15 Card Lot 1 Ultra Rare + 14 Holos | Perfe,2,18.7
2026-07-20,17:30:18,09-14925-28672,Pokemon TCG Prismatic Evolutions ETB Elite Trainer,1,169
2026-07-20,17:35:44,15-14914-94434,Pokemon 15 Card Lot 1 Ultra Rare + 14 Holos | Perfe,5,44.3
2026-07-20,17:38:58,09-14925-31182,PRESALE 2026 Topps Stadium Club UFC Hobby Box 2 AUT,1,159
2026-07-21,4:50:19,11-14923-47794,Pokemon 9 Card Eeveelution Holo / Reverse Holo Set,1,7.99
2026-07-21,13:42:35,19-14911-91822,Pokemon 15 Card Lot 1 Ultra Rare + 14 Holos | Perfe,4,35.44
2026-07-21,15:20:38,09-14929-43854,Gunnar Henderson #450 Hot Dog GLIZZYFRACTOR Topps 2,1,14.5
2026-07-21,21:09:09,06-14936-00007,2026 Topps Chrome Baseball Hobby Box Factory Sealed,2,658
2026-07-22,14:23:16,10-14931-89524,Mew GG10 / GG70 Crown Zenith Galarian Gallery Holo,1,75
2026-07-22,15:24:52,08-14935-54746,Mega Greninja ex 022/086 Double Rare Chaos Rising P,1,2.49
2026-07-22,16:23:55,10-14932-26004,Houndoom V Full Art Ultra Rare 178/189 Darkness Abl,1,7
2026-07-22,16:26:12,26-14904-76077,2026 Topps Series 2 Baseball ALL STAR GAME MEGA BOX,1,65
2026-07-23,10:08:15,27-14906-13182,Espeon 033/131 Holo Rare SV: Prismatic Evolutions P,1,1.49
2026-07-23,12:53:52,03-14948-26191,2026 TOPPS CHROME BASEBALL MEGA BOX (42 Cards) MLB,1,119
2026-07-23,13:35:16,26-14908-41720,Pokemon 15 Card Lot 1 Ultra Rare + 14 Holos | Perfe,1,9.5
2026-07-23,14:27:44,25-14910-46408,Lapras V Shiny Holo Rare SV110/SV122 Shining Fates:,1,4
2026-07-23,16:18:33,04-14947-31128,Tool Scrapper 115/086 Chaos Rising Full Art Illustr,1,2
2026-07-23,16:25:36,25-14910-81225,Energy Retrieval 108/086 Chaos Rising Full Art Illu,1,3
2026-07-23,16:30:22,19-14921-14912,Alakazam V Full Art Ultra Rare 172/185 Vivid Voltag,1,4.25
2026-07-23,17:31:52,18-14923-02075,2026 TOPPS CHROME BASEBALL MEGA BOX (42 Cards) MLB,1,115
2026-07-23,22:36:28,24-14928-24111,Liepard V 180/198 Full Art Ultra Rare Chilling Reig,1,4.95
2026-07-24,1:38:47,16-14927-56648,2026 TOPPS CHROME BASEBALL MEGA BOX (42 Cards) MLB,1,119
2026-07-24,5:45:29,09-14940-18923,Pokemon 15 Card Lot 1 Ultra Rare + 14 Holos | Perfe,1,9.5
2026-07-24,8:57:44,17-14927-04687,2026 TOPPS CHROME BASEBALL MEGA BOX (42 Cards) MLB,10,1190
2026-07-25,12:51:43,08-14947-13557,PRESALE 2026 Topps Stadium Club UFC Hobby Box 2 AUT,1,159
2026-07-25,13:52:05,17-14931-94619,2026 TOPPS CHROME BASEBALL MEGA BOX (42 Cards) MLB,7,903
2026-07-25,16:35:39,01-14961-86711,2026 Topps Series 2 Carter Jensen 530 All Star Game,1,1.99
2026-07-25,16:50:31,18-14930-78055,2026 Topps #479 Muscle Men Gold Aaron Judge Cody Be,1,3.99
2026-07-25,21:29:06,24-14935-86092,Pokemon 15 Card Lot 1 Ultra Rare + 14 Holos | Perfe,4,34.2
2026-07-26,9:05:34,08-14950-03673,Flapple V Full Art Ultra Rare 143/163 Battle Styles,1,3.95
2026-07-26,19:47:40,03-14961-67329,2026 Topps Flagship Football NFL HOBBY BOX (1 AUTO),1,209
2026-07-26,20:01:02,19-14933-81233,2026 TOPPS CHROME BASEBALL MEGA BOX (42 Cards) MLB,1,139
2026-07-27,9:45:30,16-14941-39027,Pokemon 15 Card Lot 1 Ultra Rare + 14 Holos | Perfe,1,9.5
2026-07-27,14:42:57,11-14951-39993,Pokemon 15 Card Lot 1 Ultra Rare + 14 Holos | Perfe,3,26.79
2026-07-27,15:13:52,18-14939-45174,2026 Topps Chrome Baseball Fanatics Exclusive Mega,1,139.95
2026-07-27,15:51:59,01-14970-73049,Pokemon 15 Card Lot 1 Ultra Rare + 14 Holos | Perfe,1,9.5
2026-07-27,18:03:00,05-14963-19005,4x Lot - 2025-26 Topps Chrome Update Basketball Hob,1,3299
2026-07-27,18:32:38,02-14968-42267,Pokemon 15 Card Lot 1 Ultra Rare + 14 Holos | Perfe,1,9.5
2026-07-27,19:30:49,01-14971-43042,Super Rod 276/193 Hyper Rare Paldea Evolved Pokemon,1,4
2026-07-27,19:38:00,12-14950-74306,Dolliv 200/198 Illustration Rare Scarlet & Violet P,1,7.99
2026-07-27,19:41:14,26-14926-35712,Irida 186/189 Ultra Rare Astral Radiance Pokemon TC,1,8.99
2026-07-27,20:39:47,26-14926-44432,Feebas 198/191 Illustration Rare Surging Sparks Pok,1,9.99
2026-07-27,21:20:24,03-14966-69892,Spidops ex 223/198 Ultra Rare Scarlet & Violet Poke,1,1.49
2026-07-28,8:26:13,23-14933-46346,2025-26 Topps Chrome Update Basketball Fanatics Exc,2,258
2026-07-28,13:30:37,20-14939-92660,Jacob Misiorowski Green Easter Leaves Holiday 2026,1,19.5
2026-07-28,16:35:27,24-14948-57029,Tauros 096/086 Illustration Rare Chaos Rising Pokem,1,3.99
2026-07-28,16:37:06,02-14972-56727,Coballion ex 103/086 Ultra Rare Chaos Rising Pokemo,1,1.89
2026-07-28,17:26:27,02-14972-70827,Pokemon 15 Card Lot 1 Ultra Rare + 14 Holos | Perfe,1,9.5
2026-07-28,17:27:07,27-14928-93748,Penny 252/198 Special Ilustration Rare Scarlet & Vi,1,5.99
2026-07-28,17:42:36,09-14959-96795,Tauros 096/086 Illustration Rare Chaos Rising Pokem,1,3.99
2026-07-28,17:49:31,18-14944-36977,Larvitar 203/197 Illustration Rare Obsidian Flames,1,7.99
2026-07-28,19:36:15,23-14936-08714,Mega Audino ex 253/217 Ultra Rare Ascended Heroes P,1,1.99
2026-07-28,20:29:58,09-14960-46041,Pokemon 15 Card Lot 1 Ultra Rare + 14 Holos | Perfe,1,9.5
2026-07-28,22:57:54,21-14939-50287,2025-26 Topps Chrome Update Basketball Fanatics Exc,1,139
2026-07-28,22:59:50,20-14941-53732,2025-26 Topps Chrome Update Basketball Fanatics Exc,1,139
2026-07-29,8:21:42,10-14960-38194,Mega Skarmory ex 106/088 Ultra Rare Perfect Order P,1,5.49
2026-07-29,15:13:38,22-14941-25752,Mega Clefable ex 103/088 Perfect Order Ultra Rare P,1,8.99
2026-07-29,15:13:38,22-14941-25752,Drapion 097/088 Perfect Order Full Art Illustration,1,2.99
2026-07-29,15:37:36,17-14949-95873,Decidueye ex 100/088 Ultra Rare Perfect Order Pokem,1,1.99
2026-07-29,17:35:47,19-14946-90829,2026 Topps Chrome Baseball Fanatics Exclusive Mega,1,147.95
2026-07-30,1:56:25,09-14965-46985,2026 TOPPS CHROME BASEBALL MEGA BOX (42 Cards) MLB,1,139
2026-07-30,4:08:53,26-14936-05517,2026 TOPPS CHROME BASEBALL MEGA BOX (42 Cards) MLB,1,139
2026-07-30,8:20:12,03-14977-20578,2026 TOPPS CHROME BASEBALL MEGA BOX (42 Cards) MLB,1,139
2026-07-30,16:21:02,08-14970-05314,2026 Topps Flagship Football NFL HOBBY BOX (1 AUTO),3,595.65
2026-07-30,17:39:09,23-14944-36034,Palafin 200/197 Illustration Rare Obsidian Flames P,1,5
2026-07-30,19:01:08,25-14941-00446,Dottler 184/182 Illustration Rare Paradox Rift Poke,1,5.99
2026-07-30,19:01:08,25-14941-00446,Espurr 095/088 Illustration Rare Perfect Order Poke,1,6.99
2026-07-30,19:01:08,25-14941-00446,Surfing Beach 114/086 Chaos Rising Ultra Rare Pokem,1,7.99
2026-07-30,19:01:08,25-14941-00446,Tool Scrapper 115/086 Ultra Rare Chaos Rising Pokem,1,2.99
2026-07-30,19:01:08,25-14941-00446,Lumiose City 111/088 Ultra Rare Perfect Order Pokem,1,3.99
2026-07-30,19:01:08,25-14941-00446,AZ's Tranquility 106/086 Chaos Rising Full Art Ultr,1,3.49
2026-07-30,21:26:47,25-14941-50327,Zamazenta V Full Art Ultra Rare 196/202 Sword & Shi,1,6.25
2026-07-30,21:26:48,25-14941-50327,Zacian VSTAR 096/159 Ultra Rare Crown Zenith Pokemo,1,3.49
2026-07-30,21:26:48,25-14941-50327,Mega Dragonite ex 152/217 Double Rare Holo Ascended,1,5.99
2026-07-31,7:40:13,17-14956-80259,Pokemon 15 Card Lot 1 Ultra Rare + 14 Holos | Perfe,1,9.5
2026-07-31,8:49:12,08-14972-67718,Pokemon 15 Card Lot 1 Ultra Rare + 14 Holos | Perfe,2,18.04
2026-07-31,12:03:24,14-14963-16464,2025-26 Topps Chrome Update Basketball Value Blaste,1,59.95
2026-07-31,13:05:00,02-14984-95469,Jacinthe 110/088 Ultra Rare Perfect Order Pokemon T,1,3.29
2026-07-31,13:32:37,11-14968-69617,2025-26 TOPPS CHROME UPDATE Basketball MEGA BOX NBA,1,139
2026-07-31,19:17:40,22-14950-58597,2025-26 Topps Chrome Update Basketball Value Blaste,1,59.95
2026-07-31,22:03:11,10-14971-70961,2025-26 Topps Chrome Update Basketball Value Blaste,1,59.95
2026-07-31,23:25:09,03-14984-37459,Lapras V Shiny Holo Rare SV110/SV122 Shining Fates:,1,4.95
2026-08-01,4:39:05,18-14958-61151,2025-26 TOPPS CHROME UPDATE Basketball MEGA BOX NBA,1,139
2026-08-01,5:25:34,10-14972-53808,2025-26 Topps Chrome Update Basketball Value Blaste,4,227.8
2026-08-01,6:16:30,17-14960-56303,Rayquaza V 100/159 Ultra Rare Holo Crown Zenith Pok,1,2.5
2026-08-01,11:45:51,05-14983-39992,Galarian Zapdos V Full Art Ultra Rare 173/198 Chill,1,9.95
2026-08-01,12:38:24,12-14970-79611,2025-26 Topps Chrome Update Basketball Value Blaste,1,69.5
2026-08-02,1:28:57,17-14963-78650,Umbreon 059/131 Prismatic Evolutions Holo Rare NM P,3,4.47
2026-08-02,10:38:37,13-14972-71789,Jolteon 029/131 Holo Rare Prismatic Evolutions Poke,1,1.25
2026-08-02,10:42:34,26-14949-73326,Pokemon 15 Card Lot 1 Ultra Rare + 14 Holos | Perfe,2,18.04
2026-08-02,12:11:24,09-14979-86798,Jolteon ex 030/131 Double Rare SV Prismatic Evoluti,1,4.95
2026-08-02,12:11:56,09-14979-86799,Pokemon 9 Card Eeveelution Holo / Reverse Holo Set,1,7.99
2026-08-02,12:11:57,09-14979-86799,Umbreon V 094/203 Ultra Rare Evolving Skies Pokemon,1,9.99
2026-08-02,17:13:10,04-14990-08349,2025-26 Topps Chrome Update Basketball Value Blaste,6,375.6
2026-08-02,23:17:35,22-14959-47039,2026 Bowman Baseball Value Blaster Box (60 Cards) w,1,49.95
2026-08-03,13:09:25,13-14978-56337,Dedenne 093/088 Illustration Rare Perfect Order Pok,1,6.25
2026-08-03,13:25:03,19-14967-93103,Nest Ball 255/198 Hyper Rare Scarlet & Violet Pokem,1,5.99
2026-08-03,18:59:50,21-14965-29043,Jacinthe 110/088 Ultra Rare Perfect Order Pokemon T,1,3.99
2026-08-03,19:03:08,03-14997-30283,2026 Bowman Baseball Value Blaster Box (60 Cards) w,1,59.95
2026-08-04,9:51:30,20-14969-78645,2026 Bowman Baseball Value Blaster Box (60 Cards) w,1,59.95
2026-08-04,14:49:22,06-14995-78130,2026 Bowman Baseball Value Blaster Box (60 Cards) w,1,59.95
2026-08-05,6:35:27,05-15000-56145,2026 Topps STAR WARS CHROME GALAXY Hobby Box New Fa,1,390
2026-08-05,8:41:23,16-14981-11303,Cameron Boozer 2025-26 Bowman Best U Game Graphs Re,1,335
2026-08-05,13:55:36,03-15005-36292,Pokemon 15 Card Lot 1 Ultra Rare + 14 Holos | Perfe,1,9.5
2026-08-06,15:06:04,01-15015-20788,Great Tusk ex 246/198 Special Ilustration Rare Scar,1,12.5
2026-08-06,16:43:22,27-14968-33256,2026 Topps Series 2 Dillon Dingler 351 All Star Gam,1,1.59
2026-08-06,20:33:42,08-15002-01186,Shai Gilgeous-Alexander SGA 10 OKC Thunder Topps Ch,1,1.99
2026-08-07,10:56:07,16-14990-45920,Charmeleon 021/217 Fire Energy Reverse Holo Ascende,1,2.99
2026-08-07,10:56:10,16-14990-45920,Pikachu 025/165 Reverse Holo S&V 151 Scarlet Violet,1,1.99
2026-08-07,13:06:54,16-14990-45920,Lucario V 027/073 Ultra Rare Champion's Path Pokemon TCG Card,1,4.99
2026-08-07,13:07:05,16-14990-45919,Pokémon Misty's Gyarados | Destined Rivals | Holo Rare Card,1,1.29
2026-08-07,19:41:36,03-15015-21050,Clefairy 094/088 Perfect Order Illustration Rare Pokemon TCG Holo Card,1,24.99
2026-08-07,22:28:36,14-14996-07512,Pokemon 15 Card Lot 1 Ultra Rare + 14 Holos | Perfect Gift / Starter Collection,2,18.04
2026-08-07,22:36:20,13-14998-03708,Pokemon 15 Card Lot 1 Ultra Rare + 14 Holos | Perfect Gift / Starter Collection,1,9.5
2026-08-08,13:24:35,02-15020-20962,Eevee Plush Deck Box Storage Case for Pokémon TCG 60+ Cards,1,15.95
2026-08-08,16:57:44,20-14988-45184,Coalossal V Full Art 173/186 Ultra Rare Vivid Voltage Pokemon Card,1,2.99
2026-08-08,16:57:44,20-14988-45184,Philippe 110/086 Ultra Rare Perfect Order Pokemon TCG Card,1,2.99
2026-08-08,16:57:45,20-14988-45184,AZ's Tranquility 106/086 Chaos Rising Full Art Ultra Rare Trainer Pokemon Card,1,3.49
2026-08-09,9:48:55,15-14999-61110,Pokemon 15 Card Lot 1 Ultra Rare + 14 Holos | Perfect Gift / Starter Collection,2,18.04
2026-08-09,18:11:29,01-15028-22688,Pokemon 15 Card Lot 1 Ultra Rare + 14 Holos | Perfect Gift / Starter Collection,1,9.5
2026-08-10,16:59:40,04-15026-26973,2025 TOPPS RESURGENCE FOOTBALL HOBBY BOX (2 AUTOs) FACTORY SEALED NFL,3,1308.15
2026-08-10,20:29:47,11-15014-28593,Eevee Plush Deck Box Storage Case for Pokémon TCG 60+ Cards,1,15.95
2026-08-11,17:51:47,24-15010-16537,Pokemon 15 Card Lot 1 Ultra Rare + 14 Holos | Perfect Gift / Starter Collection,3,26.79
2026-08-12,7:15:27,06-15029-57236,Presale 2026 Topps Flagship English Premier League Soccer Hobby Box 3 Autos,1,274
2026-08-12,14:26:01,22-15002-75417,Mega Charizard X ex 29 Black Star Promo Mega Evolution Collector Chest Holo,1,7.49
2026-08-12,15:00:51,18-15009-85025,Russell Westbrook /25 Bookend 2016 Panini Donruss Optic Fast Break Purple Holo,1,200
2026-08-12,17:07:07,08-15027-74783,Greninja ex 106/167 Twilight Masquerade Double Rare Holo Pokemon Card,1,4.99
2026-08-12,22:25:56,04-15036-10956,Sandaconda VMAX 090/198 Chilling Rein Ultra Rare Pokemon TCG Holo Card,1,1.25
2026-08-13,13:15:06,,Pokemon Charmander Holo Illustration Rare 168/165 SV 151 2023 TAG 9,1,170
2026-08-14,9:31:48,15-15022-38200,Cheryl 159/163 Ultra Rare Battle Styles Pokemon TCG Full Art Trainer,1,8
2026-08-14,12:06:02,09-15033-67495,Pokemon 15 Card Lot 1 Ultra Rare + 14 Holos | Perfect Gift / Starter Collection,1,9.5
2026-08-14,13:43:27,26-15003-91645,Pokemon 15 Card Lot 1 Ultra Rare + 14 Holos | Perfect Gift / Starter Collection,1,9.5
2026-08-14,20:15:22,24-15023-45558,Pokemon 15 Card Lot 1 Ultra Rare + 14 Holos | Perfect Gift / Starter Collection,7,59.85
2026-08-15,10:18:30,05-15044-97947,2025 Panini Prizm No Huddle Football Hobby Box NFL Factory Sealed,1,350
2026-08-16,5:44:26,09-15040-11863,Dragonite GX 152/236 Ultra Rare Unified Minds Pokemon TCG Holo Near Mint,1,17.99
2026-08-16,12:02:57,02-15054-63732,Pokemon 15 Card Lot 1 Ultra Rare + 14 Holos | Perfect Gift / Starter Collection,1,9.5
2026-08-16,13:05:08,18-15025-84448,Duraludon Cosmos Holo 129/191 Surging Sparks Stamped Promo Pokemon,1,2.99
2026-08-16,13:53:18,02-15055-02107,Charmander 168/165 Illustration Rare 151 Pokemon Holo English,1,89.99
2026-08-16,17:26:26,16-15030-46545,Presale 2026 Topps WWE Universe Hobby Box - 2 AUTOs - Factory Sealed,1,230
2026-08-16,19:04:27,09-15043-26176,Alakazam 050 Black Star Promo Holo Scarlet & Violet 151 Pokemon,1,1.99
2026-08-16,19:04:28,09-15043-26176,Mega Clefable ex 031/088 Double Rare Holo Perfect Order,1,1.99
2026-08-16,19:04:29,09-15043-26176,Dunsparce GG23/GG70 Holo Rare Crown Zenith: Galarian Gallery Pokemon,1,4.99
2026-08-16,19:04:30,09-15043-26176,Pidgeotto 208/197 Illustration Rare Obsidian Flames Pokemon,1,12.99
2026-08-17,5:20:22,12-15039-50129,Topps 2024 Bowman's Best 1955 Bowman Anime Yoshinobu Yamamoto,1,630
2026-08-18,2:38:54,24-15037-38974,Meowsarada ex 271/193 Hyper Rare Paldea Evolved Pokemon,1,9.5
2026-08-18,9:11:34,09-15050-50014,Jolteon 029/131 Holo Rare Prismatic Evolutions Pokemon,1,1.49
2026-08-18,11:00:24,26-15020-58041,2025-26 Topps Chrome Update Basketball MEGA BOX NBA,2,338
2026-08-18,18:00:30,14-15043-61441,Rayquaza Holo Rare 153/217 Ascended Heroes Pokemon,1,1.79
2026-08-19,12:39:47,13-15048-97705,Topps 2026 Series 1 RC Purple Easter Egg Jack Perkins,1,2.99
2026-08-19,22:27:40,24-15045-81374,Lunala GX 141/149 Ultra Rare Sun & Moon Pokemon TCG,1,7.99
2026-08-20,15:00:40,18-15044-86409,2026 Topps WWE Universe Hobby Box - 2 AUTOs - Factory Sealed,2,450
2026-08-21,11:40:00,09-15064-40100,Pokemon 15 Card Lot 1 Ultra Rare + 14 Holos | Perfect For Kids & Collectors,2,18.04
2026-08-21,19:16:44,13-15058-94718,Pokemon 15 Card Lot 1 Ultra Rare + 14 Holos | Perfect For Kids & Collectors,1,9.5
2026-08-21,19:18:07,19-15047-89641,2026 Topps Flagship Premier League Hobby Box 3 Autos,1,274.95
2026-08-22,10:54:04,16-15055-53314,Pokemon Center Ditto As Dragonite Plush Pokopia US,1,45
2026-08-22,11:45:34,11-15064-58342,Pokemon 15 Card Lot 1 Ultra Rare + 14 Holos | Perfect For Kids & Collectors,3,26.79
2026-08-22,18:16:15,16-15056-86243,2026 Topps Flagship Premier League Hobby Box 3 Autos,1,274.95
2026-08-22,20:35:32,14-15060-78503,Lebron James 2025-26 Topps NBA Hoops #84 Rainbow Foil,1,1.99
2026-08-23,13:46:02,08-15074-18612,Eevee 119/189 Reverse Holo Astral Radiance Pokemon TCG,1,2.47
2026-08-23,17:15:15,21-15051-43018,Ozzie Newsome Flex Emoji /199 Case Hit 2025 Panini Optic,1,1.5
2026-08-23,18:02:36,23-15048-39805,Disney Lorcana TCG Winterspell Booster Box Sealed 2026,2,468.44
2026-08-24,14:56:21,13-15070-80167,Pokemon 15 Card Lot 1 Ultra Rare + 14 Holos | Perfect For Kids & Collectors,2,18.04
2026-08-25,4:28:55,14-15070-87012,Lillie's Clefairy ex 076/217 Double Rare Holo Ascended Heroes Pokemon,1,2.49
2026-08-25,5:47:47,04-15089-30213,Disney Lorcana TCG Archazia's Island Booster Box Factory Sealed,1,126
2026-08-26,6:32:03,23-15059-53874,Cooper Kupp Rocket Emoji Case Hit 2025 Panini Optic,1,2.5
2026-08-26,10:26:35,12-15080-20002,Disney Lorcana TCG Reign of Jafar Booster Box Facto,1,150.95
2026-08-26,13:46:02,26-15055-76970,Pokemon 15 Card Lot 1 Ultra Rare + 14 Holos | Perfe,2,15.1
2026-08-26,17:09:52,14-15077-94553,2026 Topps WWE Universe Hobby Box - 2 AUTOs - Facto,1,239.95
2026-08-27,13:04:30,24-15078-59054,Marill 232/217 Illustration Rare Ascended Heroes Po,1,14.99
2026-08-27,16:39:59,02-15104-66320,Hop's Trevenant 237/217 Illustration Rare Ascended,1,4.99
2026-08-27,18:38:21,11-15088-12381,Team Rocket's Mewtwo ex 079/217 Double Rare Holo As,1,2.99
2026-08-27,20:37:12,10-15090-21030,Fan Rotom 250/217 Illustration Rare Ascended Heroes,1,4
2026-08-27,23:09:49,19-15074-41779,Levincia 244/182 Hyper Rare Trainer Destined Rivals,1,3.49
2026-08-27,23:25:14,09-15092-40759,Palafin 225/091 Illustration Rare Paldea Evolved Po,1,2.99
2026-08-28,3:55:10,22-15069-59046,Atticus 133/131 Ultra Rare Full Art Trainer Prismat,1,1.29
2026-08-28,6:15:52,12-15088-12585,Eri 136/131 Ultra Rare Full Art Trainer Prismatic E,1,1.99
2026-08-28,7:57:51,27-15061-76620,Punk Helmet 121/094 Illustration Rare Phantasmal Fl,1,1.79
2026-08-28,12:56:04,03-15106-24203,Calvin Ridley Rocket Emoji Case Hit 2025 Panini Opt,1,1.99
2026-08-28,13:26:33,26-15064-65316,Topps 2025-26 NBA Hoops Hoops Signs Max Strus Caval,1,4
2026-08-28,13:44:58,13-15088-50247,Worker Full Art Ultra Rare Holo 195/195 Silver Temp,1,4.49
2026-08-28,16:57:09,13-15089-03216,Pokemon 15 Card Lot 1 Ultra Rare + 14 Holos | Perfe,6,51.3
2026-08-29,3:38:36,21-15075-34366,2026 Panini Decades 90s Mega Box Debut Edition *Mul,1,54.95
2026-08-29,10:30:14,01-15114-88191,Pokemon 15 Card Lot 1 Ultra Rare + 14 Holos | Perfe,3,26.79
2026-08-29,13:28:57,04-15108-48614,2026 Topps Flagship Football JUMBO HOBBY 1 AUTO + 1,1,379.05
2026-08-29,15:38:05,23-15074-52592,Drake Maye #431 2025 Panini Instant NFL /1230 #d AF,1,3.49
2026-08-29,22:31:13,18-15084-45298,2026 Topps MLB x Kaws Box Baseball Factory Sealed *,1,429
2026-08-30,22:32:10,12-15099-65220,Misdreavus 233/217 Illustration Rare Ascended Heroe,1,6.99
2026-08-31,11:28:53,10-15105-60754,2026 Topps Chrome Baseball Fanatics Exclusive Mega,1,114.95
2026-08-31,14:03:42,16-15095-79472,2026 Topps WWE Universe Hobby Box - 2 AUTOs - Facto,1,239.95